序号,英文原文,建议中文,出现次数,来源,示例位置,备注
1,"Cancel","取消",32,"jsx","apps/start/src/components/report/sidebar/ReportFunnelSteps.tsx:435",""
2,"Name","名称",21,"attr/object","apps/start/src/components/integrations/forms/discord-integration.tsx:83",""
3,"Success","成功",20,"attr/toast","apps/start/src/components/clients/table/columns.tsx:44",""
4,"Events","事件",15,"attr/jsx/object","apps/start/src/components/chat/chat-context-widget.tsx:118",""
5,"Sessions","会话",15,"attr/jsx/object","apps/start/src/components/chat/tool-results/chat-profile-result.tsx:72",""
6,"Save","保存",11,"jsx","apps/start/src/components/organization/edit-organization.tsx:85",""
7,"Revenue","收入",9,"attr/jsx/object","apps/start/src/components/chat/tool-results/chat-profile-result.tsx:100",""
8,"Select event","选择事件",9,"attr","apps/start/src/components/report/sidebar/ReportFunnelSteps.tsx:321",""
9,"Close","关闭",7,"jsx","apps/start/src/components/ui/dialog.tsx:78",""
10,"Create","创建",7,"jsx","apps/start/src/components/dashboards/select-dashboard.tsx:132",""
11,"Email","邮箱",7,"attr/object","apps/start/src/components/auth/sign-in-email-form.tsx:55",""
12,"Members","成员",6,"attr/jsx/object","apps/start/src/components/sidebar-organization-menu.tsx:97",""
13,"Operator","运算符",6,"attr","apps/start/src/components/cohort/cohort-criteria-builder.tsx:155",""
14,"Profile","用户画像",6,"jsx/object","apps/start/src/components/notifications/table/columns.tsx:161",""
15,"Required","必填",6,"zod","apps/start/src/modals/add-cohort.tsx:21",""
16,"{0} Delete","{0} 删除",5,"jsx","apps/start/src/components/report/report-item.tsx:171",""
17,"Add filter","添加筛选",5,"jsx","apps/start/src/components/cohort/cohort-criteria-builder.tsx:497",""
18,"Is","等于",5,"object","apps/start/src/components/ui/data-table/data-table-config.ts:7",""
19,"Is empty","为空",5,"object","apps/start/src/components/ui/data-table/data-table-config.ts:9",""
20,"Is not","不等于",5,"object","apps/start/src/components/ui/data-table/data-table-config.ts:8",""
21,"Is not empty","不为空",5,"object","apps/start/src/components/ui/data-table/data-table-config.ts:10",""
22,"Overview","概览",5,"attr/object","apps/start/src/components/chat/chat-context-widget.tsx:114",""
23,"Update","更新",5,"jsx","apps/start/src/components/integrations/forms/gcs-export-integration.tsx:183",""
24,"View Users","查看用户",5,"attr/object","apps/start/src/components/report-chart/area/chart.tsx:151",""
25,"{0} Edit","{0} 编辑",4,"jsx","apps/start/src/routes/_app.$organizationId.$projectId.cohorts.tsx:183",""
26,"Add Rule","添加规则",4,"jsx","apps/start/src/components/notifications/notification-rules.tsx:34",""
27,"Allowed domains","允许的域名",4,"attr","apps/start/src/components/onboarding/verify-faq.tsx:134",""
28,"Clear {0} filter","清除{0}筛选",4,"attr","apps/start/src/components/ui/data-table/data-table-date-filter.tsx:181",""
29,"Clicks","点击",4,"attr/jsx","apps/start/src/components/page/gsc-clicks-chart.tsx:46",""
30,"Copied to clipboard","已复制到剪贴板",4,"toast","apps/start/src/components/click-to-copy.tsx:20",""
31,"Copy all","全部复制",4,"jsx","apps/start/src/components/clients/create-client-success.tsx:55",""
32,"Create report","创建报表",4,"attr/jsx/object","apps/start/src/components/sidebar-project-menu.tsx:106",""
33,"Created","创建时间",4,"attr/jsx/object","apps/start/src/components/settings/invites/columns.tsx:49",""
34,"Created at","创建于",4,"object","apps/start/src/components/notifications/table/columns.tsx:175",""
35,"Delete","删除",4,"jsx","apps/start/src/components/integrations/active-integrations.tsx:84",""
36,"Delete account","删除账户",4,"attr/jsx","apps/start/src/components/settings/delete-account.tsx:21",""
37,"Description","描述",4,"attr","apps/start/src/modals/add-cohort.tsx:80",""
38,"Details","详情",4,"jsx/object","apps/start/src/components/organization/edit-organization.tsx:58",""
39,"Edit","编辑",4,"jsx","apps/start/src/components/clients/table/columns.tsx:58",""
40,"Event distribution","事件分布",4,"jsx","apps/start/src/routes/_app.$organizationId.$projectId.events._tabs.stats.tsx:70",""
41,"Filters","筛选",4,"attr/jsx","apps/start/src/components/overview/filters/overview-filters-buttons.tsx:32",""
42,"Google Search Console","Google Search Console",4,"jsx","apps/start/src/routes/_app.$organizationId.$projectId.settings._tabs.gsc.tsx:106",""
43,"Impressions","曝光",4,"attr/jsx","apps/start/src/components/page/gsc-clicks-chart.tsx:52",""
44,"Insights","洞察",4,"attr/object","apps/start/src/components/chat/chat-context-widget.tsx:115",""
45,"It might take a few seconds to update","更新可能需要几秒钟",4,"object","apps/start/src/components/organization/billing-plan-picker.tsx:119",""
46,"Loading...","加载中…",4,"jsx","apps/start/src/components/overview/overview-line-chart.tsx:317",""
47,"No data","暂无数据",4,"jsx/object","apps/start/src/components/chat/tool-results/chat-report-result.tsx:50",""
48,"No data available","暂无可用数据",4,"jsx","apps/start/src/components/overview/overview-line-chart.tsx:114",""
49,"Search","搜索",4,"attr/object","apps/start/src/components/notifications/table/columns.tsx:38",""
50,"SEO","SEO",4,"attr/object","apps/start/src/components/chat/chat-context-widget.tsx:117",""
51,"Sign in","登录",4,"jsx","apps/start/src/components/auth/reset-password-form.tsx:52",""
52,"Title","标题",4,"attr/object","apps/start/src/components/notifications/table/columns.tsx:39",""
53,"Type","类型",4,"attr","apps/start/src/components/cohort/cohort-criteria-builder.tsx:374",""
54,"US (default)","美国（默认）",4,"attr/jsx","apps/start/src/modals/add-import.tsx:236",""
55,"Accept events from these domains","接受来自这些域名的事件",3,"attr","apps/start/src/components/onboarding/verify-faq.tsx:137",""
56,"Add Reference","添加参考标记",3,"object","apps/start/src/components/report-chart/area/chart.tsx:177",""
57,"All projects","所有项目",3,"jsx","apps/start/src/components/project-selector.tsx:110",""
58,"Avg Position","平均排名",3,"attr/jsx","apps/start/src/components/page/gsc-position-chart.tsx:39",""
59,"Bounce Rate","跳出率",3,"object","apps/start/src/components/overview/overview-metrics.tsx:65",""
60,"Cancel subscription","取消订阅",3,"attr/jsx","apps/start/src/components/organization/billing-plan-picker.tsx:189",""
61,"Clicks & Impressions","点击与曝光",3,"jsx","apps/start/src/components/page/gsc-clicks-chart.tsx:113",""
62,"Client ID","客户端 ID",3,"attr","apps/start/src/components/clients/create-client-success.tsx:36",""
63,"Cohorts","用户群组",3,"attr/object","apps/start/src/components/report/sidebar/PropertiesCombobox.tsx:269",""
64,"Completed","已完成",3,"attr/jsx","apps/start/src/components/report-chart/funnel/breakdown-list.tsx:153",""
65,"Conversion","转化",3,"attr/jsx","apps/start/src/components/report-chart/funnel/breakdown-list.tsx:134",""
66,"Copy","复制",3,"jsx","apps/start/src/components/onboarding/connect-web.tsx:38",""
67,"Create cohort","创建用户群组",3,"attr/jsx","apps/start/src/modals/add-cohort.tsx:63",""
68,"Create dashboard","创建仪表盘",3,"jsx/object","apps/start/src/components/sidebar-project-menu.tsx:125",""
69,"Create project","创建项目",3,"attr/jsx","apps/start/src/modals/add-project.tsx:142",""
70,"Currently shared","当前已共享",3,"jsx","apps/start/src/modals/share-dashboard-modal.tsx:124",""
71,"Dashboard","仪表盘",3,"jsx/object","apps/start/src/components/chat/chat-context-widget.tsx:123",""
72,"Delete Project","删除项目",3,"jsx/object","apps/start/src/components/settings/delete-project.tsx:59",""
73,"Domain","域名",3,"attr/jsx","apps/start/src/components/settings/edit-project-details.tsx:108",""
74,"Embed Code","嵌入代码",3,"jsx","apps/start/src/routes/_app.$organizationId.$projectId.settings._tabs.widgets.tsx:250",""
75,"Enter your password (optional)","输入你的密码（可选）",3,"attr","apps/start/src/modals/share-dashboard-modal.tsx:177",""
76,"Error","错误",3,"jsx/toast","apps/start/src/integrations/trpc/react.ts:9",""
77,"Event","事件",3,"attr/jsx","apps/start/src/components/cohort/cohort-criteria-builder.tsx:250",""
78,"Failed to create integration","创建集成失败",3,"toast","apps/start/src/components/integrations/forms/discord-integration.tsx:44",""
79,"Groups","分组",3,"attr/jsx","apps/start/src/components/sidebar-project-menu.tsx:71",""
80,"Integrations","集成",3,"attr","apps/start/src/components/sidebar-project-menu.tsx:93",""
81,"Link copied to clipboard","链接已复制到剪贴板",3,"toast","apps/start/src/modals/share-dashboard-modal.tsx:96",""
82,"Not set","未设置",3,"jsx","apps/start/src/components/overview/overview-line-chart.tsx:193",""
83,"Notifications","通知",3,"attr/object","apps/start/src/components/sidebar-project-menu.tsx:87",""
84,"Open in new tab","在新标签页打开",3,"jsx","apps/start/src/routes/_app.$organizationId.$projectId.settings._tabs.widgets.tsx:271",""
85,"Pages","页面",3,"attr/object","apps/start/src/components/chat/chat-context-widget.tsx:116",""
86,"Pageviews","页面浏览",3,"object","apps/start/src/components/overview/overview-line-chart.tsx:207",""
87,"Preview","预览",3,"jsx","apps/start/src/routes/_app.$organizationId.$projectId.settings._tabs.widgets.tsx:259",""
88,"Project not found","未找到项目",3,"attr/jsx","apps/start/src/routes/_app.$organizationId.$projectId.settings._tabs.details.tsx:27",""
89,"Projects","项目",3,"attr/jsx","apps/start/src/components/project-selector.tsx:93",""
90,"Properties","属性",3,"jsx","apps/start/src/modals/add-group.tsx:89",""
91,"Realtime Widget","实时小组件",3,"attr/jsx","apps/start/src/routes/_app.$organizationId.$projectId.settings._tabs.widgets.tsx:181",""
92,"Remove filter","移除筛选",3,"attr","apps/start/src/components/filters/TableFilterPills.tsx:155",""
93,"Select format","选择格式",3,"attr","apps/start/src/components/integrations/forms/gcs-export-integration.tsx:125",""
94,"Select timezone","选择时区",3,"attr","apps/start/src/components/organization/edit-organization.tsx:73",""
95,"Settings","设置",3,"attr/jsx","apps/start/src/components/report/sidebar/ReportSettings.tsx:89",""
96,"Share","分享",3,"jsx","apps/start/src/components/overview/overview-user-journey.tsx:305",""
97,"Share not found","未找到分享内容",3,"attr","apps/start/src/routes/share.dashboard.$shareId.tsx:73",""
98,"Share not found - OpenPanel.dev","未找到分享内容 - OpenPanel.dev",3,"object","apps/start/src/routes/share.dashboard.$shareId.tsx:45",""
99,"Thinking…","思考中…",3,"jsx","apps/start/src/components/chat/chat-drawer-body.tsx:69",""
100,"Timezone","时区",3,"attr","apps/start/src/components/organization/edit-organization.tsx:71",""
101,"Total Events","事件总数",3,"attr/jsx/object","apps/start/src/components/organization/billing-usage.tsx:301",""
102,"Used last time","上次使用",3,"jsx","apps/start/src/components/auth/sign-in-email-form.tsx:70",""
103,"Validation error","校验错误",3,"toast","apps/start/src/components/integrations/forms/discord-integration.tsx:54",""
104,"View","查看",3,"object","apps/start/src/modals/share-dashboard-modal.tsx:76",""
105,"Views","浏览量",3,"jsx","apps/start/src/components/overview/overview-list-modal.tsx:164",""
106,"Widget URL","小组件 URL",3,"jsx","apps/start/src/routes/_app.$organizationId.$projectId.settings._tabs.widgets.tsx:241",""
107,"Yes","是",3,"jsx/object","apps/start/src/components/report/sidebar/filters/FilterItem.tsx:188",""
108,"{0} Add","{0} 添加",2,"jsx","apps/start/src/modals/add-group.tsx:90",""
109,"{0} Delete {1}","{0} 删除 {1}",2,"jsx","apps/start/src/components/report/sidebar/ReportBreakdownMore.tsx:29",""
110,"{0} Disconnect","{0} 断开连接",2,"jsx","apps/start/src/routes/_app.$organizationId.$projectId.settings._tabs.gsc.tsx:256",""
111,"{0} Download","{0} 下载",2,"jsx","apps/start/src/routes/_app.$organizationId.$projectId.cohorts.tsx:161",""
112,"{0} Refresh","{0} 刷新",2,"jsx","apps/start/src/routes/_app.$organizationId.$projectId.cohorts.tsx:171",""
113,"{0} Reset","{0} 重置",2,"jsx","apps/start/src/components/ui/data-table/data-table-column-header.tsx:79",""
114,"% of source","来源占比",2,"jsx","apps/start/src/components/overview/overview-user-journey.tsx:382",""
115,"% of total","总量占比",2,"jsx","apps/start/src/components/overview/overview-user-journey.tsx:376",""
116,"+{0} more","还有 {0} 项",2,"jsx","apps/start/src/components/charts/op-tooltip.tsx:289",""
117,"Access","访问权限",2,"object","apps/start/src/components/settings/invites/columns.tsx:59",""
118,"Add event","添加事件",2,"jsx","apps/start/src/components/report/sidebar/ReportFunnelSteps.tsx:264",""
119,"Add property filter","添加属性筛选",2,"jsx","apps/start/src/components/cohort/cohort-criteria-builder.tsx:632",""
120,"Aggregation","聚合",2,"attr/jsx","apps/start/src/components/report/sidebar/ReportSettings.tsx:150",""
121,"All types","所有类型",2,"attr/jsx","apps/start/src/routes/_app.$organizationId.$projectId.groups.tsx:84",""
122,"Already have an account? {0}","已有账户？{0}",2,"jsx","apps/start/src/components/auth/reset-password-form.tsx:50",""
123,"Anonymous","匿名",2,"jsx/object","apps/start/src/components/events/table/columns.tsx:128",""
124,"App","应用",2,"attr/object","apps/start/src/modals/add-project.tsx:232",""
125,"Ask AI","询问 AI",2,"attr/object","apps/start/src/components/sidebar-project-menu.tsx:120",""
126,"Available charts","可用图表",2,"jsx","apps/start/src/components/report/ReportChartType.tsx:77",""
127,"Average","平均值",2,"object","apps/start/src/components/report/sidebar/ReportSettings.tsx:162",""
128,"Backend / API","后端 / API",2,"attr/object","apps/start/src/modals/add-project.tsx:245",""
129,"Between","介于",2,"object","apps/start/src/components/cohort/cohort-criteria-builder.tsx:372",""
130,"Billing","账单",2,"attr/jsx","apps/start/src/components/sidebar-organization-menu.tsx:70",""
131,"Cancel deletion","取消删除",2,"jsx","apps/start/src/components/settings/delete-organization.tsx:82",""
132,"Client secret","客户端密钥",2,"attr","apps/start/src/components/onboarding/verify-faq.tsx:159",""
133,"Cohort","用户群组",2,"jsx","apps/start/src/components/overview/filters/overview-filters-buttons.tsx:82",""
134,"Cohort Criteria","用户群组条件",2,"jsx","apps/start/src/modals/add-cohort.tsx:105",""
135,"Cohort refresh queued.","用户群组刷新已加入队列。",2,"object","apps/start/src/routes/_app.$organizationId.$projectId.cohorts.tsx:70",""
136,"Config","配置",2,"jsx","apps/start/src/routes/_app.$organizationId.$projectId.settings._tabs.imports.tsx:166",""
137,"Connect your Google Search Console property to import search performance data.","连接你的 Google Search Console 资源以导入搜索表现数据。",2,"jsx","apps/start/src/routes/_app.$organizationId.$projectId.settings._tabs.gsc.tsx:107",""
138,"Connected to Google Search Console.","已连接到 Google Search Console。",2,"jsx","apps/start/src/routes/_app.$organizationId.$projectId.settings._tabs.gsc.tsx:227",""
139,"Connection failed: {0}","连接失败：{0}",2,"toast","apps/start/src/components/integrations/forms/gcs-export-integration.tsx:65",""
140,"Connection successful! Bucket is accessible.","连接成功！存储桶可访问。",2,"toast","apps/start/src/components/integrations/forms/gcs-export-integration.tsx:63",""
141,"Continue","继续",2,"jsx","apps/start/src/components/organization/cancel-subscription-flow.tsx:216",""
142,"Conversions","转化",2,"object","apps/start/src/components/overview/overview-top-events.tsx:47",""
143,"Counter Widget","计数小组件",2,"attr/jsx","apps/start/src/routes/_app.$organizationId.$projectId.settings._tabs.widgets.tsx:318",""
144,"COUNTRY","国家/地区",2,"jsx","apps/start/src/routes/widget/realtime.tsx:185",""
145,"Create reference","创建参考标记",2,"jsx/object","apps/start/src/components/sidebar-project-menu.tsx:115",""
146,"Current","当前",2,"jsx","apps/start/src/components/report-chart/funnel/chart.tsx:514",""
147,"Custom dates","自定义日期",2,"jsx","apps/start/src/components/report/report-item.tsx:116",""
148,"Dashboards","仪表盘",2,"attr","apps/start/src/components/sidebar-project-menu.tsx:58",""
149,"Data Residency","数据驻留",2,"attr","apps/start/src/modals/add-import.tsx:228",""
150,"Date and time","日期和时间",2,"attr","apps/start/src/modals/add-reference.tsx:65",""
151,"Date Range","日期范围",2,"attr","apps/start/src/modals/add-import.tsx:191",""
152,"Delete cohort","删除用户群组",2,"object","apps/start/src/routes/_app.$organizationId.$projectId.cohorts.tsx:204",""
153,"Delete dashboard","删除仪表盘",2,"object","apps/start/src/routes/_app.$organizationId.$projectId.dashboards.tsx:209",""
154,"Delete organization","删除组织",2,"attr/jsx","apps/start/src/modals/confirm-delete-organization.tsx:42",""
155,"Delete Organization","删除组织",2,"jsx","apps/start/src/components/settings/delete-organization.tsx:49",""
156,"Disable","停用",2,"jsx","apps/start/src/modals/disable-two-factor.tsx:47",""
157,"Done","完成",2,"jsx","apps/start/src/components/report/sidebar/ReportSidebar.tsx:36",""
158,"Enable","启用",2,"jsx","apps/start/src/modals/setup-two-factor.tsx:123",""
159,"Enter the name of the property that contains the screen name","输入包含屏幕名称的属性名",2,"attr","apps/start/src/modals/add-import.tsx:222",""
160,"EU","欧盟",2,"jsx","apps/start/src/modals/add-import.tsx:240",""
161,"Events per day","每日事件数",2,"jsx","apps/start/src/components/profiles/profile-charts.tsx:95",""
162,"Failed to download cohort members","下载用户群组成员失败",2,"toast","apps/start/src/routes/_app.$organizationId.$projectId.cohorts.tsx:85",""
163,"First name","名字",2,"attr","apps/start/src/components/auth/sign-up-email-form.tsx:44",""
164,"Format","格式",2,"jsx","apps/start/src/components/integrations/forms/gcs-export-integration.tsx:118",""
165,"Freeze snapshot (don't auto-refresh)","冻结快照（不自动刷新）",2,"jsx","apps/start/src/modals/add-cohort.tsx:99",""
166,"Funnel steps","漏斗步骤",2,"jsx","apps/start/src/components/report/sidebar/ReportFunnelSteps.tsx:81",""
167,"Go back to home","返回首页",2,"jsx","apps/start/src/routes/__root.tsx:82",""
168,"Go to home","前往首页",2,"jsx","apps/start/src/router.tsx:32",""
169,"Google bot","Google 爬虫",2,"jsx","apps/start/src/components/overview/overview-widget-table.tsx:575",""
170,"group-[.toast]:text-muted-foreground","",2,"object","apps/start/src/components/ui/sonner.tsx:17","Tailwind 类名"
171,"Groups represent companies, teams, or other entities that events belong to.","分组代表事件所属的公司、团队或其他实体。",2,"attr/object","apps/start/src/components/groups/table/index.tsx:81",""
172,"In cohort","在用户群组中",2,"object","apps/start/src/components/overview/filters/overview-filters-buttons.tsx:92",""
173,"Invite a user","邀请用户",2,"jsx/object","apps/start/src/components/sidebar-organization-menu.tsx:117",""
174,"Invite user","邀请用户",2,"jsx","apps/start/src/components/settings/invites/index.tsx:30",""
175,"Is between","介于",2,"object","apps/start/src/components/ui/data-table/data-table-config.ts:19",""
176,"JSONL (gzip)","JSONL (gzip)",2,"jsx","apps/start/src/components/integrations/forms/gcs-export-integration.tsx:128",""
177,"Last name","姓氏",2,"attr","apps/start/src/components/auth/sign-up-email-form.tsx:51",""
178,"Let us know!","告诉我们！",2,"jsx","apps/start/src/components/onboarding/connect-web.tsx:75",""
179,"Match","匹配",2,"jsx","apps/start/src/components/cohort/cohort-criteria-builder.tsx:148",""
180,"Max","最大值",2,"object","apps/start/src/components/report/sidebar/ReportSettings.tsx:164",""
181,"Message","消息",2,"object","apps/start/src/components/integrations/forms/webhook-integration.tsx:224",""
182,"Metrics","指标",2,"jsx","apps/start/src/components/report/sidebar/ReportSeries.tsx:202",""
183,"Min","最小值",2,"object","apps/start/src/components/report/sidebar/ReportSettings.tsx:163",""
184,"Missing a framework? {0}","没有找到你在用的框架？{0}",2,"jsx","apps/start/src/components/onboarding/connect-web.tsx:73",""
185,"Mixpanel alternative","Mixpanel 替代品",2,"jsx","apps/start/src/components/login-navbar.tsx:32",""
186,"Name of the cohort","用户群组名称",2,"attr","apps/start/src/modals/add-cohort.tsx:76",""
187,"New conversation","新建对话",2,"attr","apps/start/src/components/chat/chat-drawer-header.tsx:104",""
188,"New password","新密码",2,"attr","apps/start/src/components/auth/reset-password-form.tsx:59",""
189,"Next","下一步",2,"jsx","apps/start/src/routes/_steps.onboarding.$projectId.connect.tsx:131",""
190,"No","否",2,"jsx/object","apps/start/src/components/report/sidebar/filters/FilterItem.tsx:189",""
191,"No filters selected","未选择任何筛选条件",2,"jsx","apps/start/src/modals/overview-filters.tsx:112",""
192,"No reports","暂无报表",2,"attr","apps/start/src/routes/_app.$organizationId.$projectId.dashboards_.$dashboardId.tsx:365",""
193,"No rules yet","暂无规则",2,"attr","apps/start/src/components/notifications/notification-rules.tsx:29",""
194,"Not in cohort","不在用户群组中",2,"object","apps/start/src/components/overview/filters/overview-filters-buttons.tsx:93",""
195,"Nothing selected","未选择任何项",2,"jsx","apps/start/src/components/ui/combobox-events.tsx:179",""
196,"Occurrence","发生时间",2,"object","apps/start/src/routes/_app.$organizationId.$projectId.references.tsx:83",""
197,"Open source analytics","开源分析",2,"jsx","apps/start/src/components/login-navbar.tsx:42",""
198,"OpenPanel Cloud","OpenPanel Cloud",2,"jsx","apps/start/src/components/login-navbar.tsx:29",""
199,"OpenPanel.dev","OpenPanel.dev",2,"jsx/object","apps/start/src/components/login-navbar.tsx:22",""
200,"Optional description","描述（可选）",2,"attr","apps/start/src/modals/add-cohort.tsx:82",""
201,"Or pick a framework below to get started.","或从下方选择一个框架开始。",2,"jsx","apps/start/src/components/onboarding/connect-web.tsx:50",""
202,"Organization not found","未找到组织",2,"attr","apps/start/src/routes/_app.$organizationId.billing.tsx:64",""
203,"Organization scheduled for deletion","组织已计划删除",2,"jsx/toast","apps/start/src/components/settings/delete-organization.tsx:58",""
204,"Organization updated","组织已更新",2,"toast","apps/start/src/components/organization/edit-organization.tsx:37",""
205,"Parquet (coming soon)","Parquet（即将推出）",2,"jsx","apps/start/src/components/integrations/forms/gcs-export-integration.tsx:129",""
206,"Password","密码",2,"attr","apps/start/src/components/auth/sign-in-email-form.tsx:61",""
207,"PATH","路径",2,"jsx","apps/start/src/routes/widget/realtime.tsx:269",""
208,"Period","周期",2,"attr","apps/start/src/components/cohort/cohort-criteria-builder.tsx:400",""
209,"Pick a date range","选择日期范围",2,"jsx","apps/start/src/modals/add-import.tsx:215",""
210,"Please fix validation errors","请修正校验错误",2,"toast","apps/start/src/components/integrations/forms/gcs-export-integration.tsx:79",""
211,"Posthog alternative","PostHog 替代品",2,"jsx","apps/start/src/components/login-navbar.tsx:37",""
212,"Prefix","前缀",2,"attr","apps/start/src/components/integrations/forms/gcs-export-integration.tsx:110",""
213,"Previous","上一步",2,"jsx","apps/start/src/components/report-chart/funnel/chart.tsx:532",""
214,"Profiles","用户画像",2,"attr","apps/start/src/components/sidebar-project-menu.tsx:70",""
215,"References","参考标记",2,"attr","apps/start/src/components/sidebar-project-menu.tsx:82",""
216,"REFERRER","来源",2,"jsx","apps/start/src/routes/widget/realtime.tsx:230",""
217,"Regenerate recovery codes","重新生成恢复码",2,"attr/jsx","apps/start/src/modals/regenerate-recovery-codes.tsx:70",""
218,"Role","角色",2,"object","apps/start/src/components/settings/invites/columns.tsx:37",""
219,"Screen View Property","屏幕浏览属性",2,"attr","apps/start/src/modals/add-import.tsx:221",""
220,"Search email","搜索邮箱",2,"object","apps/start/src/components/settings/invites/columns.tsx:29",""
221,"Search pages","搜索页面",2,"attr","apps/start/src/components/page/pages-insights.tsx:283",""
222,"Select model","选择模型",2,"attr","apps/start/src/components/chat/model-picker.tsx:37",""
223,"Session Duration","会话时长",2,"object","apps/start/src/components/overview/overview-metrics.tsx:71",""
224,"Static","静态",2,"jsx","apps/start/src/routes/_app.$organizationId.$projectId.cohorts.tsx:152",""
225,"Step {0}","第 {0} 步",2,"jsx","apps/start/src/components/overview/overview-user-journey.tsx:294",""
226,"Subscription updated","订阅已更新",2,"toast","apps/start/src/components/organization/billing-plan-picker.tsx:118",""
227,"Sum","求和",2,"object","apps/start/src/components/report/sidebar/ReportSettings.tsx:161",""
228,"Top {0}","前 {0} 名",2,"attr/jsx","apps/start/src/components/overview/overview-top-generic-modal.tsx:43",""
229,"Top pages","热门页面",2,"attr/object","apps/start/src/components/overview/overview-top-pages.tsx:36",""
230,"Two-factor authentication","两步验证",2,"jsx","apps/start/src/routes/_app.$organizationId.account._tabs.two-factor.tsx:24",""
231,"Type {0} to confirm","输入 {0} 以确认",2,"jsx","apps/start/src/modals/confirm-delete-account.tsx:37",""
232,"Unique","去重数",2,"object","apps/start/src/components/report/sidebar/ReportSettings.tsx:160",""
233,"Unique Visitors","独立访客",2,"object","apps/start/src/components/overview/overview-metrics.tsx:41",""
234,"Unit","单位",2,"attr/jsx","apps/start/src/components/report/sidebar/ReportSettings.tsx:127",""
235,"Unknown","未知",2,"jsx","apps/start/src/components/events/table/columns.tsx:116",""
236,"User has been invited","已邀请用户",2,"jsx/toast","apps/start/src/modals/create-invite.tsx:52",""
237,"USERS IN LAST 30 MINUTES","最近 30 分钟用户数",2,"jsx","apps/start/src/routes/widget/realtime.tsx:129",""
238,"View replay","查看回放",2,"attr","apps/start/src/components/sessions/table/columns.tsx:59",""
239,"Views & Sessions","浏览量与会话",2,"jsx","apps/start/src/components/page/page-views-chart.tsx:96",""
240,"Website","网站",2,"attr/object","apps/start/src/modals/add-project.tsx:161",""
241,"You have not created any rules yet. Create a rule to start getting notifications.","你还没有创建任何规则。创建一条规则以开始接收通知。",2,"jsx","apps/start/src/components/notifications/notification-rules.tsx:30",""
242,"Your organization has been updated.","你的组织已更新。",2,"object","apps/start/src/components/organization/edit-organization.tsx:38",""
243,"({0}ms)","（{0}ms）",1,"jsx","apps/start/src/components/ui/key-value-grid.tsx:240",""
244,"(pay for 10 months, get 12)","（支付 10 个月，得 12 个月）",1,"jsx","apps/start/src/components/organization/billing-plan-picker.tsx:281",""
245,"{0} - Event name","{0} - 事件名称",1,"jsx","apps/start/src/components/integrations/forms/webhook-integration.tsx:257",""
246,"{0} - Full properties object","{0} - 完整属性对象",1,"jsx","apps/start/src/components/integrations/forms/webhook-integration.tsx:263",""
247,"{0} - Get the value of a custom property","{0} - 获取自定义属性的值",1,"jsx","apps/start/src/modals/add-notification-rule.tsx:190",""
248,"{0} - Get the value of a profile property","{0} - 获取用户画像属性的值",1,"jsx","apps/start/src/modals/add-notification-rule.tsx:194",""
249,"{0} - Nested property value","{0} - 嵌套属性值",1,"jsx","apps/start/src/components/integrations/forms/webhook-integration.tsx:266",""
250,"{0} - Profile property","{0} - 用户画像属性",1,"jsx","apps/start/src/components/integrations/forms/webhook-integration.tsx:270",""
251,"{0} - The name of the event","{0} - 事件名称",1,"jsx","apps/start/src/modals/add-notification-rule.tsx:184",""
252,"{0} - The name of the rule","{0} - 规则名称",1,"jsx","apps/start/src/modals/add-notification-rule.tsx:187",""
253,"{0} - User profile ID","{0} - 用户画像 ID",1,"jsx","apps/start/src/components/integrations/forms/webhook-integration.tsx:260",""
254,"{0} {1} {2} {3} {4} {5} {6} and more...","{0} {1} {2} {3} {4} {5} {6} 等",1,"jsx","apps/start/src/components/integrations/forms/webhook-integration.tsx:274",""
255,"{0} / N/A","{0} / 不适用",1,"jsx","apps/start/src/routes/_app.$organizationId.$projectId.settings._tabs.imports.tsx:255",""
256,"{0} Add group","{0} 添加分组",1,"jsx","apps/start/src/routes/_app.$organizationId.$projectId.groups.tsx:64",""
257,"{0} Add Mapping","{0} 添加映射",1,"jsx","apps/start/src/components/project-mapper.tsx:46",""
258,"{0} and {1} more {2}...","{0} 以及另外 {1} 个 {2}…",1,"jsx","apps/start/src/routes/widget/realtime.tsx:385",""
259,"{0} Asc","{0} 升序",1,"jsx","apps/start/src/components/ui/data-table/data-table-column-header.tsx:62",""
260,"{0} Benchmark","{0} 基准",1,"jsx","apps/start/src/components/page/gsc-ctr-benchmark.tsx:167",""
261,"{0} Clicks","{0} 次点击",1,"jsx","apps/start/src/components/page/gsc-clicks-chart.tsx:115",""
262,"{0} Client credentials","{0} 客户端凭据",1,"jsx","apps/start/src/routes/_steps.onboarding.$projectId.connect.tsx:83",""
263,"{0} Connect","{0} 连接",1,"jsx","apps/start/src/components/integrations/all-integrations.tsx:18",""
264,"{0} Connect Google Search Console","{0} 连接 Google Search Console",1,"jsx","apps/start/src/routes/_app.$organizationId.$projectId.settings._tabs.gsc.tsx:148",""
265,"{0} Connect property","{0} 连接资源",1,"jsx","apps/start/src/routes/_app.$organizationId.$projectId.settings._tabs.gsc.tsx:196",""
266,"{0} Customer portal","{0} 客户中心",1,"jsx","apps/start/src/components/organization/billing.tsx:230",""
267,"{0} days left","剩余 {0} 天",1,"jsx","apps/start/src/components/organization/billing.tsx:322",""
268,"{0} Delete dashboard","{0} 删除仪表盘",1,"jsx","apps/start/src/routes/_app.$organizationId.$projectId.dashboards_.$dashboardId.tsx:343",""
269,"{0} Desc","{0} 降序",1,"jsx","apps/start/src/components/ui/data-table/data-table-column-header.tsx:70",""
270,"{0} dropped after this event. Improve this step and your conversion rate will likely increase.","有 {0} 在此事件后流失。改进此步骤，你的转化率很可能会提升。",1,"jsx","apps/start/src/components/report-chart/funnel/chart.tsx:227",""
271,"{0} Duplicate","{0} 创建副本",1,"jsx","apps/start/src/components/report/report-item.tsx:150",""
272,"{0} Duplicate {1}","{0} 创建副本 {1}",1,"jsx","apps/start/src/components/report/sidebar/ReportEventMore.tsx:29",""
273,"{0} Groups","{0} 分组",1,"jsx","apps/start/src/components/profiles/profile-groups.tsx:27",""
274,"{0} has been removed from the organization","{0} 已从组织中移除",1,"toast","apps/start/src/components/settings/members/columns.tsx:93",""
275,"{0} Hide","{0} 隐藏",1,"jsx","apps/start/src/components/ui/data-table/data-table-column-header.tsx:90",""
276,"{0} Hide series {1} from chart","{0} 从图表中隐藏系列 {1}",1,"jsx","apps/start/src/components/report/sidebar/ReportSeries.tsx:267",""
277,"{0} Import Data","{0} 导入数据",1,"jsx","apps/start/src/routes/_app.$organizationId.$projectId.settings._tabs.imports.tsx:142",""
278,"{0} impr · {1}% avg CTR","{0} 次曝光 · 平均点击率 {1}%",1,"jsx","apps/start/src/components/page/gsc-cannibalization.tsx:166",""
279,"{0} Impressions","{0} 次曝光",1,"jsx","apps/start/src/components/page/gsc-clicks-chart.tsx:122",""
280,"{0} is locked","{0} 已锁定",1,"attr","apps/start/src/components/auth/share-enter-password.tsx:55",""
281,"{0} Make private","{0} 设为私有",1,"jsx","apps/start/src/components/overview/overview-share.tsx:73",""
282,"{0} Make public","{0} 设为公开",1,"jsx","apps/start/src/components/overview/overview-share.tsx:56",""
283,"{0} more events","还有 {0} 个事件",1,"jsx","apps/start/src/components/onboarding/onboarding-verify-listener.tsx:49",""
284,"{0} Move to dashboard","{0} 移动到仪表盘",1,"jsx","apps/start/src/components/report/report-item.tsx:160",""
285,"{0} Network calls, file system access, and other dangerous operations are blocked.","{0} 网络调用、文件系统访问及其他危险操作已被阻止。",1,"jsx","apps/start/src/components/integrations/forms/webhook-integration.tsx:308",""
286,"{0} Quick start","{0} 快速开始",1,"jsx","apps/start/src/components/onboarding/connect-web.tsx:33",""
287,"{0} Read the full MCP docs","{0} 阅读完整 MCP 文档",1,"jsx","apps/start/src/routes/_app.$organizationId.$projectId.settings._tabs.mcp.tsx:257",""
288,"{0} Reconnect Google Search Console","{0} 重新连接 Google Search Console",1,"jsx","apps/start/src/routes/_app.$organizationId.$projectId.settings._tabs.gsc.tsx:245",""
289,"{0} Reset layout","{0} 重置布局",1,"jsx","apps/start/src/routes/_app.$organizationId.$projectId.dashboards_.$dashboardId.tsx:330",""
290,"{0} Reset to default","{0} 重置为默认",1,"jsx","apps/start/src/components/ui/data-table/data-table-view-options.tsx:215",""
291,"{0} Save","{0} 保存",1,"jsx","apps/start/src/components/chat/tool-results/chat-report-result.tsx:99",""
292,"{0} Select breakdown","{0} 选择拆分",1,"jsx","apps/start/src/components/report/sidebar/ReportBreakdowns.tsx:92",""
293,"{0} Sessions","{0} 会话",1,"jsx","apps/start/src/components/page/page-views-chart.tsx:105",""
294,"{0} Share dashboard","{0} 分享仪表盘",1,"jsx","apps/start/src/routes/_app.$organizationId.$projectId.dashboards_.$dashboardId.tsx:322",""
295,"{0} Show {1}","{0} 显示 {1}",1,"jsx","apps/start/src/components/insights/insight-card.tsx:145",""
296,"{0} Sign up with email","{0} 使用邮箱注册",1,"jsx","apps/start/src/routes/_public.onboarding.tsx:154",""
297,"{0} Steps","{0} 步",1,"jsx","apps/start/src/components/overview/overview-user-journey.tsx:228",""
298,"{0} View","{0} 查看",1,"jsx","apps/start/src/components/overview/overview-share.tsx:63",""
299,"{0} View {1}","{0} 查看 {1}",1,"jsx","apps/start/src/components/ui/data-table/data-table-view-options.tsx:175",""
300,"{0} Views","{0} 浏览量",1,"jsx","apps/start/src/components/page/page-views-chart.tsx:98",""
301,"{0} Why did this happen?","{0} 为什么会这样？",1,"jsx","apps/start/src/modals/insight-details.tsx:183",""
302,"{0} Your CTR","{0} 你的点击率",1,"jsx","apps/start/src/components/page/gsc-ctr-benchmark.tsx:159",""
303,"+ also: {0}","+ 另有：{0}",1,"jsx","apps/start/src/components/charts/op-tooltip.tsx:312",""
304,"+{0} more...","还有 {0} 项…",1,"jsx","apps/start/src/components/charts/markers/chart-markers.tsx:78",""
305,"+{0} new","新增 {0} 人",1,"jsx","apps/start/src/components/groups/group-member-growth.tsx:55",""
306,"⌘J","",1,"jsx","apps/start/src/components/chat/sidebar-chat-composer.tsx:71","快捷键"
307,"123456 or ABCDE-FGHIJ","123456 或 ABCDE-FGHIJ",1,"attr","apps/start/src/modals/disable-two-factor.tsx:40",""
308,"180 days","180 天",1,"object","apps/start/src/components/cohort/cohort-criteria-builder.tsx:397",""
309,"2 months for free","免费 2 个月",1,"jsx","apps/start/src/components/organization/billing-plan-picker.tsx:288",""
310,"2 months free","免费 2 个月",1,"jsx","apps/start/src/components/organization/billing-plan-picker.tsx:280",""
311,"24H","24 小时",1,"attr","apps/start/src/components/projects/project-card.tsx:151",""
312,"30 days","30 天",1,"object","apps/start/src/components/cohort/cohort-criteria-builder.tsx:395",""
313,"30 Days","30 天",1,"jsx","apps/start/src/routes/_app.$organizationId.$projectId.insights.tsx:317",""
314,"30% off for the next 12 months, starting with your next billing cycle.","从下个账单周期起，接下来 12 个月享 7 折。",1,"object","apps/start/src/components/organization/cancel-subscription-flow.tsx:117",""
315,"30D","30 天",1,"attr","apps/start/src/components/projects/project-card.tsx:150",""
316,"365 days","365 天",1,"object","apps/start/src/components/cohort/cohort-criteria-builder.tsx:398",""
317,"3M","3 个月",1,"attr","apps/start/src/components/projects/project-card.tsx:149",""
318,"3M DIFF","3 个月对比",1,"attr","apps/start/src/components/projects/project-card.tsx:117",""
319,"7 days","7 天",1,"object","apps/start/src/components/cohort/cohort-criteria-builder.tsx:394",""
320,"7 Days","7 天",1,"jsx","apps/start/src/routes/_app.$organizationId.$projectId.insights.tsx:316",""
321,"90 days","90 天",1,"object","apps/start/src/components/cohort/cohort-criteria-builder.tsx:396",""
322,"A compact live visitor counter badge you can embed anywhere. Shows the current number of unique visitors with a live indicator.","一个小巧的实时访客计数徽章，可嵌入任意位置。以实时指示器显示当前独立访客数量。",1,"jsx","apps/start/src/routes/_app.$organizationId.$projectId.settings._tabs.widgets.tsx:319",""
323,"A funnel supports at most {0} event configurations.","一个漏斗最多支持 {0} 个事件配置。",1,"jsx","apps/start/src/components/report/sidebar/ReportFunnelSteps.tsx:149",""
324,"A Product Hunt-style badge showing your 30-day unique visitor count. Perfect for showcasing your analytics powered by OpenPanel.","一个 Product Hunt 风格的徽章，展示你 30 天的独立访客数。非常适合展示由 OpenPanel 驱动的分析数据。",1,"jsx","apps/start/src/routes/_app.$organizationId.$projectId.settings._tabs.widgets.tsx:407",""
325,"ABCDE-FGHIJ","ABCDE-FGHIJ",1,"attr","apps/start/src/routes/_login.verify.tsx:91",""
326,"Access all your dashboards here","在此访问你的所有仪表盘",1,"attr","apps/start/src/routes/_app.$organizationId.$projectId.dashboards.tsx:112",""
327,"Access all your pages here","在此访问你的所有页面",1,"attr","apps/start/src/routes/_app.$organizationId.$projectId.pages.tsx:20",""
328,"Access all your sessions here","在此访问你的所有会话",1,"attr","apps/start/src/routes/_app.$organizationId.$projectId.sessions.tsx:50",""
329,"Access Key ID","Access Key ID",1,"attr","apps/start/src/components/integrations/forms/s3-export-integration.tsx:256",""
330,"Access Key ID and Secret Access Key are required","需要填写 Access Key ID 和 Secret Access Key",1,"toast","apps/start/src/components/integrations/forms/s3-export-integration.tsx:119",""
331,"Access Keys (R2, MinIO, Spaces)","访问密钥（R2、MinIO、Spaces）",1,"jsx","apps/start/src/components/integrations/forms/s3-export-integration.tsx:210",""
332,"Access updated","访问权限已更新",1,"toast","apps/start/src/modals/edit-member.tsx:42",""
333,"Account","账户",1,"jsx","apps/start/src/components/profile-toggle.tsx:52",""
334,"Acme Corp","Acme Corp",1,"attr","apps/start/src/modals/add-group.tsx:76",""
335,"Actions","操作",1,"jsx","apps/start/src/routes/_app.$organizationId.$projectId.settings._tabs.imports.tsx:167",""
336,"Active users","活跃用户",1,"jsx","apps/start/src/components/realtime/realtime-live-histogram.tsx:200",""
337,"Activity","活动",1,"jsx","apps/start/src/components/profiles/profile-activity.tsx:101",""
338,"Add a domain","添加域名",1,"attr","apps/start/src/components/settings/edit-project-details.tsx:131",""
339,"Add dashboard","添加仪表盘",1,"attr","apps/start/src/modals/add-dashboard.tsx:59",""
340,"Add event criteria","添加事件条件",1,"jsx","apps/start/src/components/cohort/cohort-criteria-builder.tsx:173",""
341,"Add event rule","添加事件规则",1,"jsx","apps/start/src/components/settings/edit-project-filters.tsx:294",""
342,"Add Formula {0}","添加公式 {0}",1,"jsx","apps/start/src/components/report/sidebar/ReportSeries.tsx:415",""
343,"Add group","添加分组",1,"attr","apps/start/src/modals/add-group.tsx:55",""
344,"Add Header","添加请求头",1,"jsx","apps/start/src/components/integrations/forms/webhook-integration.tsx:198",""
345,"Add reference","添加参考标记",1,"attr","apps/start/src/modals/add-reference.tsx:54",""
346,"Add step","添加步骤",1,"attr","apps/start/src/components/report/sidebar/ReportFunnelSteps.tsx:405",""
347,"Add the first event to start the funnel.","添加第一个事件以开始漏斗。",1,"jsx","apps/start/src/components/report/sidebar/ReportFunnelSteps.tsx:82",""
348,"Add the following block to {0}. You can open it from {1}.","将以下代码块添加到 {0}。你可以从 {1} 打开它。",1,"jsx","apps/start/src/routes/_app.$organizationId.$projectId.settings._tabs.mcp.tsx:45",""
349,"Add the server to {0} in your workspace, or to your user-level MCP config.","将服务器添加到你工作区中的 {0}，或添加到你的用户级 MCP 配置。",1,"jsx","apps/start/src/routes/_app.$organizationId.$projectId.settings._tabs.mcp.tsx:137",""
350,"Add the server to {0}. Windsurf accepts both {1} and {2}.","将服务器添加到 {0}。Windsurf 同时接受 {1} 和 {2}。",1,"jsx","apps/start/src/routes/_app.$organizationId.$projectId.settings._tabs.mcp.tsx:112",""
351,"Add the server to your global config at {0} or your project config at {1}.","将服务器添加到位于 {0} 的全局配置，或位于 {1} 的项目配置。",1,"jsx","apps/start/src/routes/_app.$organizationId.$projectId.settings._tabs.mcp.tsx:86",""
352,"Add them back to a step if you still need them.","如果仍然需要，可将它们重新添加到某个步骤。",1,"jsx","apps/start/src/components/report/sidebar/ReportFunnelSteps.tsx:105",""
353,"Admin","管理员",1,"jsx","apps/start/src/modals/create-invite.tsx:142",""
354,"After","之后",1,"object","apps/start/src/components/report/sidebar/ReportSettings.tsx:230",""
355,"After you have created your account, you will be added to the organization.","创建账户后，你将被加入该组织。",1,"jsx","apps/start/src/routes/_public.onboarding.tsx:111",""
356,"AI chat isn't configured","尚未配置 AI 对话",1,"jsx","apps/start/src/components/chat/chat-drawer-empty.tsx:52",""
357,"AI filter command","AI 筛选命令",1,"attr","apps/start/src/components/overview/overview-ai-command.tsx:118",""
358,"AI referrals","AI 来源",1,"attr","apps/start/src/routes/_app.$organizationId.$projectId.seo.tsx:529",""
359,"AKIAIOSFODNN7EXAMPLE","",1,"attr","apps/start/src/components/integrations/forms/s3-export-integration.tsx:257","示例密钥"
360,"All","全部",1,"jsx","apps/start/src/components/cohort/cohort-criteria-builder.tsx:158",""
361,"All cohorts","所有用户群组",1,"object","apps/start/src/components/report/sidebar/PropertiesCombobox.tsx:270",""
362,"All Directions","所有方向",1,"jsx","apps/start/src/routes/_app.$organizationId.$projectId.insights.tsx:347",""
363,"All events for {0}","{0} 的所有事件",1,"jsx","apps/start/src/modals/event-details.tsx:347",""
364,"All events from {0} will be allowed. Do you want to allow any other?","将允许来自 {0} 的所有事件。是否还要允许其他域名？",1,"jsx","apps/start/src/routes/_steps.onboarding.project.tsx:351",""
365,"All of these events","所有这些事件",1,"object","apps/start/src/components/cohort/cohort-criteria-builder.tsx:153",""
366,"All of these properties","所有这些属性",1,"object","apps/start/src/components/cohort/cohort-criteria-builder.tsx:599",""
367,"All Severity","所有严重级别",1,"jsx","apps/start/src/routes/_app.$organizationId.$projectId.insights.tsx:330",""
368,"All Windows","所有时间窗口",1,"jsx","apps/start/src/routes/_app.$organizationId.$projectId.insights.tsx:314",""
369,"All your projects in this workspace","此工作区下的所有项目",1,"attr","apps/start/src/routes/_app.$organizationId.index.tsx:76",""
370,"Allow ""unsafe"" revenue tracking","允许“不安全”的收入追踪",1,"jsx","apps/start/src/components/settings/edit-project-details.tsx:190",""
371,"Allowed domains updated","允许的域名已更新",1,"toast","apps/start/src/components/onboarding/verify-faq.tsx:39",""
372,"Analytics","分析",1,"jsx","apps/start/src/components/sidebar-project-menu.tsx:51",""
373,"Analytics Badge","分析徽章",1,"jsx","apps/start/src/routes/_app.$organizationId.$projectId.settings._tabs.widgets.tsx:406",""
374,"Analytics Badge Preview","分析徽章预览",1,"attr","apps/start/src/routes/_app.$organizationId.$projectId.settings._tabs.widgets.tsx:449",""
375,"ANALYTICS FROM","分析数据来自",1,"jsx","apps/start/src/routes/widget/badge.tsx:61",""
376,"Analyzing…","分析中…",1,"jsx","apps/start/src/modals/insight-details.tsx:188",""
377,"and {0} more {1}","以及另外 {0} 个 {1}",1,"jsx","apps/start/src/components/overview/overview-line-chart.tsx:156",""
378,"and {0} more...","以及另外 {0} 个…",1,"jsx","apps/start/src/components/report-chart/common/report-chart-tooltip.tsx:126",""
379,"And many more... {0} {1} {2} {3} {4} {5} {6} {7} {8} {9} {10} {11} {12} {13} {14} {15}","还有更多… {0} {1} {2} {3} {4} {5} {6} {7} {8} {9} {10} {11} {12} {13} {14} {15}",1,"jsx","apps/start/src/modals/add-notification-rule.tsx:199",""
380,"Anthropic","Anthropic",1,"attr","apps/start/src/components/chat/chat-drawer-empty.tsx:62",""
381,"Any of these events","以下任一事件",1,"object","apps/start/src/components/cohort/cohort-criteria-builder.tsx:152",""
382,"Any of these properties","以下任一属性",1,"object","apps/start/src/components/cohort/cohort-criteria-builder.tsx:598",""
383,"Anything you want to add? (optional)","有什么想补充的吗？（可选）",1,"attr","apps/start/src/components/organization/cancel-subscription-flow.tsx:197",""
384,"API Key","API 密钥",1,"attr","apps/start/src/modals/add-import.tsx:303",""
385,"Applied {0}","已应用 {0}",1,"jsx","apps/start/src/components/chat/tool-results/chat-ui-apply-result.tsx:36",""
386,"Applied filters: {0}","已应用筛选：{0}",1,"jsx","apps/start/src/components/chat/tool-results/chat-ui-apply-result.tsx:58",""
387,"Applied to every series in this report.","应用于此报表中的每个系列。",1,"jsx","apps/start/src/components/report/sidebar/ReportGlobalFilters.tsx:16",""
388,"Apply 30% discount","应用 7 折优惠",1,"jsx","apps/start/src/components/organization/cancel-subscription-flow.tsx:329",""
389,"Approaching your events limit","接近你的事件上限",1,"attr","apps/start/src/routes/_app.$organizationId.tsx:171",""
390,"arn:aws:iam::123456789012:role/OpenPanelExportRole","",1,"attr","apps/start/src/components/integrations/forms/s3-export-integration.tsx:227","示例 ARN"
391,"Asc","升序",1,"object","apps/start/src/components/ui/data-table/data-table-config.ts:52",""
392,"Ask AI anything…","向 AI 提任何问题…",1,"attr","apps/start/src/components/chat/sidebar-chat-composer.tsx:46",""
393,"Ask anything about your data…","就你的数据提出任何问题…",1,"attr","apps/start/src/components/chat/chat-drawer-footer.tsx:64",""
394,"Assistant context","助手上下文",1,"jsx","apps/start/src/components/chat/chat-context-widget.tsx:78",""
395,"At least","至少",1,"object","apps/start/src/components/cohort/cohort-criteria-builder.tsx:290",""
396,"At least one event is required","至少需要一个事件",1,"toast","apps/start/src/modals/add-notification-rule.tsx:94",""
397,"At least one type must be selected","至少需选择一种类型",1,"jsx","apps/start/src/routes/_steps.onboarding.project.tsx:322",""
398,"At most","最多",1,"object","apps/start/src/components/cohort/cohort-criteria-builder.tsx:292",""
399,"Authenticates the MCP server (base64-encoded client ID and secret).","用于认证 MCP 服务器（base64 编码的客户端 ID 和密钥）。",1,"jsx","apps/start/src/routes/_steps.onboarding.$projectId.connect.tsx:110",""
400,"Authentication Mode","认证模式",1,"jsx","apps/start/src/components/integrations/forms/s3-export-integration.tsx:199",""
401,"Authenticator QR code","验证器二维码",1,"attr","apps/start/src/modals/setup-two-factor.tsx:87",""
402,"Authorization expired","授权已过期",1,"jsx","apps/start/src/routes/_app.$organizationId.$projectId.settings._tabs.gsc.tsx:234",""
403,"Available","可用",1,"object","apps/start/src/routes/_app.$organizationId.$projectId.integrations._tabs.tsx:27",""
404,"Available helpers:","可用的内置对象：",1,"jsx","apps/start/src/components/integrations/forms/webhook-integration.tsx:286",""
405,"Available in payload:","Payload 中可用的字段：",1,"jsx","apps/start/src/components/integrations/forms/webhook-integration.tsx:253",""
406,"Avatar for {0}","{0} 的头像",1,"attr","apps/start/src/components/facehash/facehash.tsx:333",""
407,"Avg CTR","平均点击率",1,"attr","apps/start/src/routes/_app.$organizationId.$projectId.seo.tsx:288",""
408,"Avg Events/Session","平均每会话事件数",1,"object","apps/start/src/components/profiles/profile-metrics.tsx:31",""
409,"Avg Rate {0}","平均比率 {0}",1,"jsx","apps/start/src/components/report-chart/conversion/conversion-table.tsx:342",""
410,"Avg session","平均会话时长",1,"jsx","apps/start/src/components/chat/tool-results/chat-profile-result.tsx:84",""
411,"Avg Time Between Sessions (h)","会话间平均间隔（小时）",1,"object","apps/start/src/components/profiles/profile-metrics.tsx:87",""
412,"Back","返回",1,"jsx","apps/start/src/routes/_steps.onboarding.$projectId.verify.tsx:94",""
413,"Back to dashboard selection","返回仪表盘选择",1,"attr","apps/start/src/components/dashboards/select-dashboard.tsx:101",""
414,"Back to workspace","返回工作区",1,"attr","apps/start/src/components/sidebar-project-menu.tsx:95",""
415,"Backfill","回填",1,"jsx","apps/start/src/routes/_app.$organizationId.$projectId.settings._tabs.gsc.tsx:305",""
416,"Backfill of 6 months of data has started.","6 个月数据的回填已开始。",1,"object","apps/start/src/routes/_app.$organizationId.$projectId.settings._tabs.gsc.tsx:66",""
417,"Based on your usage, the {0} plan covers you: up to {1} events per month for {2}.","根据你的用量，{0} 套餐即可满足你的需求：每月最多 {1} 个事件，价格为 {2}。",1,"jsx","apps/start/src/components/organization/billing-prompt.tsx:313",""
418,"Become a Supporter","成为支持者",1,"jsx","apps/start/src/components/organization/supporter-prompt.tsx:99",""
419,"Before","之前",1,"object","apps/start/src/components/report/sidebar/ReportSettings.tsx:234",""
420,"Benchmark","基准",1,"jsx","apps/start/src/components/page/gsc-ctr-benchmark.tsx:81",""
421,"Best open-source alternative","最佳开源替代品",1,"attr","apps/start/src/components/login-left-panel.tsx:16",""
422,"bg-highlight text-white hover:bg-highlight/80","",1,"object","apps/start/src/components/ui/button.tsx:16","Tailwind 类名"
423,"Billing automatically resumes after the pause — or resume earlier any time from the billing page. You pay nothing while paused.","暂停结束后账单会自动恢复——你也可以随时在账单页面提前恢复。暂停期间无需付费。",1,"jsx","apps/start/src/components/organization/cancel-subscription-flow.tsx:254",""
424,"Bleeding-edge builds on every commit","每次提交都有最前沿的构建版本",1,"object","apps/start/src/components/organization/supporter-prompt.tsx:19",""
425,"Bounce rate","跳出率",1,"jsx","apps/start/src/components/chat/tool-results/chat-profile-result.tsx:92",""
426,"Bounced","已跳出",1,"object","apps/start/src/components/report/sidebar/PropertiesCombobox.tsx:60",""
427,"Breakdown","拆分",1,"jsx","apps/start/src/components/report/sidebar/ReportBreakdowns.tsx:34",""
428,"Bring your team in","邀请你的团队加入",1,"object","apps/start/src/components/onboarding/activation-banner.tsx:43",""
429,"Browser","浏览器",1,"object","apps/start/src/components/notifications/table/columns.tsx:138",""
430,"Bucket and Region are required","需要填写存储桶和区域",1,"toast","apps/start/src/components/integrations/forms/s3-export-integration.tsx:112",""
431,"Bucket and Service Account Key are required","需要填写存储桶和服务账号密钥",1,"toast","apps/start/src/components/integrations/forms/gcs-export-integration.tsx:85",""
432,"By creating an account you accept the {0} and {1} .","创建账户即表示你接受 {0} 和 {1}。",1,"jsx","apps/start/src/routes/_public.onboarding.tsx:70",""
433,"Can edit","可编辑",1,"jsx","apps/start/src/components/settings/project-access-grants.tsx:84",""
434,"Can't scan? Enter this secret manually","无法扫描？手动输入此密钥",1,"attr","apps/start/src/modals/setup-two-factor.tsx:95",""
435,"Cancel your subscription first","请先取消你的订阅",1,"jsx","apps/start/src/components/settings/delete-organization.tsx:73",""
436,"Cancel your subscriptions first","请先取消你的订阅",1,"jsx","apps/start/src/components/settings/delete-account.tsx:31",""
437,"Capped at 10,000 members — consider narrowing the criteria.","上限为 10,000 个成员——建议收紧条件。",1,"jsx","apps/start/src/routes/_app.$organizationId.$projectId.cohorts_.$cohortId._tabs.index.tsx:82",""
438,"Change event","更换事件",1,"jsx","apps/start/src/components/report/sidebar/ReportFunnelSteps.tsx:370",""
439,"Change this event?","更换此事件？",1,"jsx","apps/start/src/components/report/sidebar/ReportFunnelSteps.tsx:362",""
440,"Check out our status page","查看我们的状态页",1,"jsx","apps/start/src/routes/_app.tsx:30",""
441,"Choose a plan","选择套餐",1,"jsx","apps/start/src/components/organization/billing.tsx:340",""
442,"Choose which Google Search Console property to connect to this project.","选择要连接到此项目的 Google Search Console 资源。",1,"jsx","apps/start/src/routes/_app.$organizationId.$projectId.settings._tabs.gsc.tsx:170",""
443,"Choose which types of emails you want to receive. Uncheck a category to stop receiving those emails.","选择你想接收的邮件类型。取消勾选某类别即可停止接收该类邮件。",1,"jsx","apps/start/src/routes/_app.$organizationId.account._tabs.email-preferences.tsx:90",""
444,"Cities","城市",1,"jsx","apps/start/src/components/realtime/map/map-badge-detail-card.tsx:107",""
445,"Clear","清除",1,"jsx","apps/start/src/components/ui/data-table/data-table-slider-filter.tsx:226",""
446,"Clear filters","清除筛选",1,"jsx","apps/start/src/components/ui/data-table/data-table-faceted-filter.tsx:177",""
447,"Clear search","清除搜索",1,"attr","apps/start/src/components/ui/data-table/data-table-toolbar.tsx:224",""
448,"Cleared event-name filter","已清除事件名称筛选",1,"jsx","apps/start/src/components/chat/tool-results/chat-ui-apply-result.tsx:65",""
449,"Cleared property filters","已清除属性筛选",1,"jsx","apps/start/src/components/chat/tool-results/chat-ui-apply-result.tsx:49",""
450,"Client created successfully","客户端创建成功",1,"toast","apps/start/src/modals/add-client.tsx:43",""
451,"Client name","客户端名称",1,"jsx","apps/start/src/modals/add-client.tsx:92",""
452,"Client not found","未找到客户端",1,"attr","apps/start/src/routes/_steps.onboarding.$projectId.verify.tsx:81",""
453,"Client revoked, incoming requests will be rejected.","客户端已撤销，后续请求将被拒绝。",1,"object","apps/start/src/components/clients/table/columns.tsx:45",""
454,"Client updated.","客户端已更新。",1,"object","apps/start/src/modals/edit-client.tsx:45",""
455,"Clients / API keys","客户端 / API 密钥",1,"object","apps/start/src/routes/_app.$organizationId.$projectId.settings._tabs.tsx:44",""
456,"Close chat","关闭对话",1,"attr","apps/start/src/components/chat/chat-drawer-header.tsx:113",""
457,"Cohort created.","用户群组已创建。",1,"object","apps/start/src/modals/add-cohort.tsx:53",""
458,"Cohort deleted.","用户群组已删除。",1,"object","apps/start/src/routes/_app.$organizationId.$projectId.cohorts.tsx:60",""
459,"Cohort not found","未找到用户群组",1,"jsx","apps/start/src/routes/_app.$organizationId.$projectId.cohorts_.$cohortId._tabs.tsx:116",""
460,"Cohort updated.","用户群组已更新。",1,"object","apps/start/src/modals/edit-cohort.tsx:53",""
461,"Cohorts {0}","用户群组 {0}",1,"jsx","apps/start/src/components/report/sidebar/PropertiesCombobox.tsx:263",""
462,"Compare to previous period","与上一周期对比",1,"jsx","apps/start/src/components/report/sidebar/ReportSettings.tsx:93",""
463,"Compared to other tools we have kept it simple","与其他工具相比，我们保持了简洁",1,"attr","apps/start/src/components/login-left-panel.tsx:37",""
464,"Confidence: {0}","置信度：{0}",1,"jsx","apps/start/src/modals/insight-details.tsx:209",""
465,"Config file:","配置文件：",1,"jsx","apps/start/src/routes/_app.$organizationId.$projectId.settings._tabs.mcp.tsx:242",""
466,"Configure your AI client","配置你的 AI 客户端",1,"jsx","apps/start/src/routes/_app.$organizationId.$projectId.settings._tabs.mcp.tsx:227",""
467,"Confirm password","确认密码",1,"attr","apps/start/src/components/auth/sign-up-email-form.tsx:74",""
468,"Confirm Selection","确认选择",1,"jsx","apps/start/src/modals/date-time-picker.tsx:180",""
469,"Connect any MCP-compatible AI client (Claude, Cursor, Windsurf, …) to your OpenPanel data. The server is read-only and exposes 38 tools for querying events, sessions, profiles, funnels, retention and more.","将任意兼容 MCP 的 AI 客户端（Claude、Cursor、Windsurf……）连接到你的 OpenPanel 数据。该服务器为只读，提供 38 个工具用于查询事件、会话、用户画像、漏斗、留存等。",1,"jsx","apps/start/src/routes/_app.$organizationId.$projectId.settings._tabs.mcp.tsx:193",""
470,"Connect Google Search Console","连接 Google Search Console",1,"jsx","apps/start/src/routes/_app.$organizationId.$projectId.seo.tsx:212",""
471,"Connect Google Search Console to track your search impressions, clicks, and keyword rankings.","连接 Google Search Console 以追踪你的搜索曝光、点击和关键词排名。",1,"attr","apps/start/src/routes/_app.$organizationId.$projectId.seo.tsx:208",""
472,"Connected","已连接",1,"jsx","apps/start/src/components/integrations/active-integrations.tsx:82",""
473,"Contact us if you have any issues. {0}","如有任何问题请联系我们。{0}",1,"jsx","apps/start/src/routes/_login.login.tsx:72",""
474,"Contains","包含",1,"object","apps/start/src/components/ui/data-table/data-table-config.ts:5",""
475,"Conversations","对话",1,"jsx","apps/start/src/components/chat/chat-drawer-header.tsx:77",""
476,"Conversion Events","转化事件",1,"object","apps/start/src/components/profiles/profile-metrics.tsx:80",""
477,"Conversions {0}","转化 {0}",1,"jsx","apps/start/src/components/report-chart/conversion/conversion-table.tsx:376",""
478,"Copy client ID","复制客户端 ID",1,"jsx","apps/start/src/components/clients/table/columns.tsx:55",""
479,"Copy invite link","复制邀请链接",1,"jsx","apps/start/src/components/settings/invites/columns.tsx:83",""
480,"Copy the JSON below, then run the {0} command in Raycast — it auto-fills the form from your clipboard. The install form takes a URL only, so the token goes in the query string.","复制下方的 JSON，然后在 Raycast 中运行 {0} 命令——它会根据你的剪贴板自动填充表单。安装表单仅接受 URL，因此 Token 需放在查询字符串中。",1,"jsx","apps/start/src/routes/_app.$organizationId.$projectId.settings._tabs.mcp.tsx:163",""
481,"Copy this code and paste it into your website HTML where you want the badge to appear.","复制此代码，粘贴到你网站 HTML 中想要显示徽章的位置。",1,"jsx","apps/start/src/routes/_app.$organizationId.$projectId.settings._tabs.widgets.tsx:425",""
482,"Copy this code and paste it into your website HTML where you want the counter to appear.","复制此代码，粘贴到你网站 HTML 中想要显示计数器的位置。",1,"jsx","apps/start/src/routes/_app.$organizationId.$projectId.settings._tabs.widgets.tsx:343",""
483,"Copy this code and paste it into your website HTML where you want the widget to appear.","复制此代码，粘贴到你网站 HTML 中想要显示小组件的位置。",1,"jsx","apps/start/src/routes/_app.$organizationId.$projectId.settings._tabs.widgets.tsx:252",""
484,"Correct domain configured","域名配置正确",1,"jsx","apps/start/src/components/onboarding/verify-faq.tsx:127",""
485,"Correlation ID: {0}","关联 ID：{0}",1,"jsx","apps/start/src/routes/_login.login.tsx:71",""
486,"Could not load badge details.","无法加载徽章详情。",1,"jsx","apps/start/src/components/realtime/map/map-badge-detail-card.tsx:268",""
487,"Could not load users","无法加载用户",1,"jsx","apps/start/src/modals/view-chart-users.tsx:174",""
488,"Couldn't generate an explanation for this one.","无法为此生成解释。",1,"jsx","apps/start/src/modals/insight-details.tsx:216",""
489,"Count","计数",1,"object","apps/start/src/components/report/sidebar/ReportSettings.tsx:137",""
490,"Count (High → Low)","计数（从高到低）",1,"jsx","apps/start/src/components/report-chart/bar/chart.tsx:142",""
491,"Count (Low → High)","计数（从低到高）",1,"jsx","apps/start/src/components/report-chart/bar/chart.tsx:143",""
492,"Counter Widget Preview","计数小组件预览",1,"attr","apps/start/src/routes/_app.$organizationId.$projectId.settings._tabs.widgets.tsx:356",""
493,"Countries","国家/地区",1,"jsx","apps/start/src/components/realtime/map/map-badge-detail-card.tsx:101",""
494,"Country","国家/地区",1,"object","apps/start/src/components/notifications/table/columns.tsx:98",""
495,"Create ""{0}""","创建“{0}”",1,"jsx","apps/start/src/components/ui/combobox.tsx:116",""
496,"Create a client","创建客户端",1,"attr","apps/start/src/modals/add-client.tsx:86",""
497,"Create a project","创建项目",1,"object","apps/start/src/components/sidebar-organization-menu.tsx:112",""
498,"Create account","创建账户",1,"jsx","apps/start/src/components/auth/sign-up-email-form.tsx:81",""
499,"Create an integration","创建集成",1,"attr","apps/start/src/modals/add-integration.tsx:81",""
500,"Create and manage user segments based on events and properties","基于事件和属性创建并管理用户细分",1,"attr","apps/start/src/routes/_app.$organizationId.$projectId.cohorts.tsx:108",""
501,"Create client","创建客户端",1,"jsx","apps/start/src/components/clients/table/index.tsx:30",""
502,"Create MCP client","创建 MCP 客户端",1,"jsx","apps/start/src/routes/_app.$organizationId.$projectId.settings._tabs.mcp.tsx:220",""
503,"Create new dashboard","新建仪表盘",1,"jsx","apps/start/src/components/dashboards/select-dashboard.tsx:81",""
504,"Create new project {0}","新建项目 {0}",1,"jsx","apps/start/src/components/project-selector.tsx:121",""
505,"Create new workspace","新建工作区",1,"jsx","apps/start/src/routes/_steps.onboarding.project.tsx:153",""
506,"Create notification rule","创建通知规则",1,"object","apps/start/src/components/sidebar-project-menu.tsx:130",""
507,"Create one today","立即创建一个",1,"jsx","apps/start/src/routes/_login.login.tsx:52",""
508,"Criteria","条件",1,"jsx","apps/start/src/components/report/sidebar/ReportSettings.tsx:104",""
509,"Cross domain support","跨域支持",1,"attr","apps/start/src/components/settings/edit-project-details.tsx:160",""
510,"Cross Eyes","交叉眼",1,"jsx","apps/start/src/components/facehash/faces.tsx:24",""
511,"CTR vs Position","点击率与排名对比",1,"jsx","apps/start/src/components/page/gsc-ctr-benchmark.tsx:156",""
512,"Curved Eyes","弯曲眼",1,"jsx","apps/start/src/components/facehash/faces.tsx:46",""
513,"Customize your notification message. You can grab any property from your event.","自定义你的通知消息。你可以引用事件中的任意属性。",1,"jsx","apps/start/src/modals/add-notification-rule.tsx:178",""
514,"Dark","深色",1,"object","apps/start/src/components/theme-provider.tsx:52",""
515,"Dashboard created.","仪表盘已创建。",1,"object","apps/start/src/modals/add-dashboard.tsx:48",""
516,"Dashboard deleted","仪表盘已删除",1,"toast","apps/start/src/routes/_app.$organizationId.$projectId.dashboards_.$dashboardId.tsx:113",""
517,"Dashboard deleted.","仪表盘已删除。",1,"object","apps/start/src/routes/_app.$organizationId.$projectId.dashboards.tsx:87",""
518,"Dashboard public availability","仪表盘公开可用性",1,"attr","apps/start/src/modals/share-dashboard-modal.tsx:112",""
519,"Dashboard updated.","仪表盘已更新。",1,"object","apps/start/src/modals/edit-dashboard.tsx:43",""
520,"Data is flowing — now shape it","数据正在流入——现在来塑造它",1,"object","apps/start/src/components/onboarding/activation-banner.tsx:39",""
521,"Date","日期",1,"jsx","apps/start/src/components/report-chart/retention/table.tsx:58",""
522,"Day","天",1,"object","apps/start/src/components/report/ReportInterval.tsx:71",""
523,"Days Active","活跃天数",1,"object","apps/start/src/components/profiles/profile-metrics.tsx:73",""
524,"Decreasing","下降",1,"jsx","apps/start/src/routes/_app.$organizationId.$projectId.insights.tsx:349",""
525,"Default: 24h","默认：24 小时",1,"attr","apps/start/src/components/report/sidebar/ReportSettings.tsx:204",""
526,"Default: 5","默认：5",1,"attr","apps/start/src/components/report/sidebar/ReportSettings.tsx:251",""
527,"Default: Session","默认：会话",1,"attr","apps/start/src/components/report/sidebar/ReportSettings.tsx:176",""
528,"Delete group","删除分组",1,"object","apps/start/src/routes/_app.$organizationId.$projectId.groups_.$groupId._tabs.tsx:135",""
529,"Delete reference","删除参考标记",1,"object","apps/start/src/routes/_app.$organizationId.$projectId.references.tsx:135",""
530,"Deleting this organization will remove it and all of its projects and their data. It will be permanently deleted after 24 hours.","删除此组织将移除它及其所有项目和数据。24 小时后将永久删除。",1,"jsx","apps/start/src/components/settings/delete-organization.tsx:52",""
531,"Deleting your account will permanently remove your personal data. Organizations you created that have no other admin will also be deleted, along with their projects and events.","删除你的账户将永久移除你的个人数据。你创建的、没有其他管理员的组织及其项目和事件也将被删除。",1,"jsx","apps/start/src/components/settings/delete-account.tsx:24",""
532,"Deleting your project will remove it from your organization and all of its data. It'll be permanently deleted after 24 hours.","删除你的项目将把它及其所有数据从组织中移除。24 小时后将永久删除。",1,"jsx","apps/start/src/components/settings/delete-project.tsx:62",""
533,"Desc","降序",1,"object","apps/start/src/components/ui/data-table/data-table-config.ts:53",""
534,"Detailed","详细",1,"object","apps/start/src/modals/event-details.tsx:77",""
535,"Direct link to the analytics badge widget.","分析徽章小组件的直达链接。",1,"jsx","apps/start/src/routes/_app.$organizationId.$projectId.settings._tabs.widgets.tsx:417",""
536,"Direct link to the counter widget.","计数小组件的直达链接。",1,"jsx","apps/start/src/routes/_app.$organizationId.$projectId.settings._tabs.widgets.tsx:335",""
537,"Direct link to the widget. You can open this in a new tab or embed it.","小组件的直达链接。你可以在新标签页打开或嵌入它。",1,"jsx","apps/start/src/routes/_app.$organizationId.$projectId.settings._tabs.widgets.tsx:243",""
538,"Direction","方向",1,"attr","apps/start/src/routes/_app.$organizationId.$projectId.insights.tsx:344",""
539,"Disable two-factor authentication","停用两步验证",1,"attr","apps/start/src/modals/disable-two-factor.tsx:34",""
540,"Disconnected from Google Search Console","已断开与 Google Search Console 的连接",1,"toast","apps/start/src/routes/_app.$organizationId.$projectId.settings._tabs.gsc.tsx:79",""
541,"discord channel","Discord 频道",1,"jsx","apps/start/src/components/onboarding/verify-faq.tsx:168",""
542,"Discord Webhook URL","Discord Webhook URL",1,"attr","apps/start/src/components/integrations/forms/discord-integration.tsx:89",""
543,"Discount applied","优惠已应用",1,"toast","apps/start/src/components/organization/cancel-subscription-flow.tsx:116",""
544,"Discover trends and changes in your analytics","发现分析数据中的趋势与变化",1,"attr","apps/start/src/routes/_app.$organizationId.$projectId.insights.tsx:294",""
545,"Dismiss","忽略",1,"jsx","apps/start/src/components/report/sidebar/ReportFunnelSteps.tsx:108",""
546,"Docs","文档",1,"jsx","apps/start/src/components/sidebar.tsx:140",""
547,"Does not contain","不包含",1,"object","apps/start/src/components/ui/data-table/data-table-config.ts:6",""
548,"Don't have an account? {0}","还没有账户？{0}",1,"jsx","apps/start/src/routes/_login.login.tsx:50",""
549,"Don't worry, this happens to everyone. Here are a few things you can check:","别担心，这种情况人人都会遇到。你可以检查以下几点：",1,"jsx","apps/start/src/components/onboarding/verify-faq.tsx:105",""
550,"Download","下载",1,"jsx","apps/start/src/modals/setup-two-factor.tsx:144",""
551,"Drag to reorder the steps","拖动以重新排序步骤",1,"attr","apps/start/src/components/report/sidebar/ReportFunnelSteps.tsx:188",""
552,"Dropped Off","已流失",1,"jsx","apps/start/src/modals/view-chart-users.tsx:402",""
553,"Duration","时长",1,"object","apps/start/src/components/report/sidebar/PropertiesCombobox.tsx:75",""
554,"e.g., abc123","例如：abc123",1,"attr","apps/start/src/components/project-mapper.tsx:73",""
555,"Easy to use","易于使用",1,"attr","apps/start/src/components/login-left-panel.tsx:36",""
556,"Edit access","编辑访问权限",1,"jsx","apps/start/src/components/settings/members/columns.tsx:110",""
557,"Edit client","编辑客户端",1,"attr","apps/start/src/modals/edit-client.tsx:55",""
558,"Edit cohort","编辑用户群组",1,"attr","apps/start/src/modals/edit-cohort.tsx:63",""
559,"Edit dashboard","编辑仪表盘",1,"attr","apps/start/src/modals/edit-dashboard.tsx:53",""
560,"Edit group","编辑分组",1,"attr","apps/start/src/modals/edit-group.tsx:72",""
561,"Edit reference","编辑参考标记",1,"attr","apps/start/src/modals/edit-reference.tsx:69",""
562,"Edit report","编辑报表",1,"attr","apps/start/src/modals/edit-report.tsx:31",""
563,"Edit: {0}","编辑：{0}",1,"attr","apps/start/src/modals/edit-event.tsx:71",""
564,"eg: A+B","例如：A+B",1,"attr","apps/start/src/components/report/sidebar/ReportSeries.tsx:232",""
565,"Eg. My App Client","例如：我的应用客户端",1,"attr","apps/start/src/modals/add-client.tsx:94",""
566,"Eg. My music site","例如：我的音乐网站",1,"attr","apps/start/src/modals/add-project.tsx:146",""
567,"Eg. My personal discord","例如：我的个人 Discord",1,"attr","apps/start/src/components/integrations/forms/discord-integration.tsx:84",""
568,"Eg. My personal slack","例如：我的个人 Slack",1,"attr","apps/start/src/components/integrations/forms/slack-integration.tsx:60",""
569,"Eg. Production GCS Export","例如：生产环境 GCS 导出",1,"attr","apps/start/src/components/integrations/forms/gcs-export-integration.tsx:97",""
570,"Eg. Production S3 Export","例如：生产环境 S3 导出",1,"attr","apps/start/src/components/integrations/forms/s3-export-integration.tsx:132",""
571,"Eg. Sign ups on android","例如：Android 上的注册",1,"attr","apps/start/src/modals/add-notification-rule.tsx:113",""
572,"Eg. The Music App","例如：音乐应用",1,"attr","apps/start/src/routes/_steps.onboarding.project.tsx:273",""
573,"Eg. The Music Company","例如：音乐公司",1,"attr","apps/start/src/routes/_steps.onboarding.project.tsx:189",""
574,"Eg. xxx.xxx.mp-service-account","例如：xxx.xxx.mp-service-account",1,"attr","apps/start/src/modals/add-import.tsx:170",""
575,"Eg. Zapier webhook","例如：Zapier webhook",1,"attr","apps/start/src/components/integrations/forms/webhook-integration.tsx:156",""
576,"Email preferences","邮件偏好",1,"object","apps/start/src/routes/_app.$organizationId.account._tabs.tsx:18",""
577,"Email Preferences","邮件偏好",1,"jsx","apps/start/src/routes/_app.$organizationId.account._tabs.email-preferences.tsx:87",""
578,"Email preferences updated","邮件偏好已更新",1,"toast","apps/start/src/routes/_app.$organizationId.account._tabs.email-preferences.tsx:62",""
579,"Embed a realtime visitor counter widget on your website. The widget shows live visitor count, activity histogram, top countries, referrers and paths.","在你的网站上嵌入实时访客计数小组件。该组件显示实时访客数、活动直方图、热门国家/地区、来源和路径。",1,"jsx","apps/start/src/routes/_app.$organizationId.$projectId.settings._tabs.widgets.tsx:182",""
580,"Enable cross domain support","启用跨域支持",1,"jsx","apps/start/src/components/settings/edit-project-details.tsx:167",""
581,"Enabled {0} · {1} recovery code {2} remaining","已启用 {0} · 剩余 {1} 个恢复码",1,"jsx","apps/start/src/routes/_app.$organizationId.account._tabs.two-factor.tsx:92",""
582,"Encryption","加密",1,"jsx","apps/start/src/components/integrations/forms/s3-export-integration.tsx:280",""
583,"Endpoint","Endpoint",1,"attr","apps/start/src/routes/_app.$organizationId.$projectId.settings._tabs.mcp.tsx:201",""
584,"Endpoint URL (optional)","Endpoint URL（可选）",1,"attr","apps/start/src/components/integrations/forms/s3-export-integration.tsx:245",""
585,"Ensure client ID is correct","确保客户端 ID 正确",1,"jsx","apps/start/src/components/onboarding/verify-faq.tsx:112",""
586,"Enter dashboard name","输入仪表盘名称",1,"attr","apps/start/src/components/dashboards/select-dashboard.tsx:110",""
587,"Enter your password","输入你的密码",1,"attr","apps/start/src/components/auth/share-enter-password.tsx:62",""
588,"Entry Pages","入口页面",1,"object","apps/start/src/components/overview/overview-top-pages.tsx:40",""
589,"Error loading map","加载地图出错",1,"jsx","apps/start/src/components/overview/overview-map.tsx:58",""
590,"Essentials","基本信息",1,"object","apps/start/src/modals/event-details.tsx:73",""
591,"Event Filters","事件筛选",1,"jsx","apps/start/src/components/cohort/cohort-criteria-builder.tsx:470",""
592,"Event note","事件备注",1,"jsx","apps/start/src/components/report/sidebar/ReportFunnelSteps.tsx:327",""
593,"Event properties {0}","事件属性 {0}",1,"jsx","apps/start/src/components/report/sidebar/PropertiesCombobox.tsx:227",""
594,"Event rules","事件规则",1,"attr","apps/start/src/components/settings/edit-project-filters.tsx:282",""
595,"Event updated","事件已更新",1,"toast","apps/start/src/modals/edit-event.tsx:58",""
596,"Event-based","基于事件",1,"jsx","apps/start/src/components/cohort/cohort-criteria-builder.tsx:48",""
597,"Events {0}","事件 {0}",1,"jsx","apps/start/src/components/organization/billing-usage.tsx:279",""
598,"Events count","事件数",1,"attr","apps/start/src/components/organization/billing-usage.tsx:198",""
599,"Events from last 30 days","最近 30 天的事件",1,"attr","apps/start/src/components/organization/billing-usage.tsx:213",""
600,"Events last 30 days ({0})","最近 30 天的事件（{0}）",1,"jsx","apps/start/src/components/cohort/cohort-events-chart.tsx:73",""
601,"Events limit exceeded","已超出事件上限",1,"attr","apps/start/src/routes/_app.$organizationId.tsx:188",""
602,"Events tracked, all safe and stored","事件已追踪，全部安全存储",1,"jsx","apps/start/src/components/organization/billing-prompt.tsx:284",""
603,"Events will appear as the replay plays.","事件将随回放播放而出现。",1,"jsx","apps/start/src/components/sessions/replay/replay-event-feed.tsx:82",""
604,"Exactly","恰好",1,"object","apps/start/src/components/cohort/cohort-criteria-builder.tsx:291",""
605,"Example:","示例：",1,"jsx","apps/start/src/components/integrations/forms/webhook-integration.tsx:297",""
606,"Exclude events","排除事件",1,"jsx","apps/start/src/components/settings/edit-project-filters.tsx:233",""
607,"Exclude Events","排除事件",1,"jsx","apps/start/src/components/report/sidebar/ReportSettings.tsx:265",""
608,"Exclude events from being tracked by adding filters.","通过添加筛选来排除被追踪的事件。",1,"jsx","apps/start/src/components/settings/edit-project-filters.tsx:234",""
609,"Exclude IP addresses","排除 IP 地址",1,"attr","apps/start/src/components/settings/edit-project-filters.tsx:257",""
610,"Exclude Profile IDs","排除用户画像 ID",1,"attr","apps/start/src/components/settings/edit-project-filters.tsx:274",""
611,"Exit Pages","退出页面",1,"object","apps/start/src/components/overview/overview-top-pages.tsx:49",""
612,"External ID (optional)","外部 ID（可选）",1,"attr","apps/start/src/components/integrations/forms/s3-export-integration.tsx:233",""
613,"Failed to copy to clipboard","复制到剪贴板失败",1,"toast","apps/start/src/utils/clipboard.ts:51",""
614,"Failed to disconnect","断开连接失败",1,"toast","apps/start/src/routes/_app.$organizationId.$projectId.settings._tabs.gsc.tsx:83",""
615,"Failed to initiate Google Search Console connection","发起 Google Search Console 连接失败",1,"toast","apps/start/src/routes/_app.$organizationId.$projectId.settings._tabs.gsc.tsx:57",""
616,"Failed to invite user","邀请用户失败",1,"toast","apps/start/src/modals/create-invite.tsx:59",""
617,"Failed to load replay player.","加载回放播放器失败。",1,"jsx","apps/start/src/components/sessions/replay/replay-player.tsx:169",""
618,"Failed to remove {0} from the organization","从组织中移除 {0} 失败",1,"toast","apps/start/src/components/settings/members/columns.tsx:101",""
619,"Failed to revoke invite for {0}","撤销 {0} 的邀请失败",1,"toast","apps/start/src/components/settings/invites/columns.tsx:76",""
620,"Failed to select site","选择站点失败",1,"toast","apps/start/src/routes/_app.$organizationId.$projectId.settings._tabs.gsc.tsx:71",""
621,"Failed to send test notification","发送测试通知失败",1,"toast","apps/start/src/components/integrations/forms/discord-integration.tsx:73",""
622,"Fast and reliable","快速可靠",1,"attr","apps/start/src/components/login-left-panel.tsx:26",""
623,"File URL","文件 URL",1,"attr","apps/start/src/modals/add-import.tsx:89",""
624,"Filter {0}","筛选 {0}",1,"jsx","apps/start/src/components/insights/insight-card.tsx:163",""
625,"Filter by name","按名称筛选",1,"attr","apps/start/src/components/report-chart/bar/chart.tsx:127",""
626,"Filtered to {0}: {1}","已筛选到 {0}：{1}",1,"jsx","apps/start/src/components/chat/tool-results/chat-ui-apply-result.tsx:68",""
627,"Filters {0}","筛选 {0}",1,"jsx","apps/start/src/components/filters/TableFilterPills.tsx:97",""
628,"Filters configured for {0} will be removed. The event note will be kept.","为 {0} 配置的筛选将被移除。事件备注将保留。",1,"jsx","apps/start/src/components/report/sidebar/ReportFunnelSteps.tsx:363",""
629,"First event","首个事件",1,"object","apps/start/src/components/onboarding/activation-banner.tsx:87",""
630,"First report","首个报表",1,"object","apps/start/src/components/onboarding/activation-banner.tsx:99",""
631,"First seen","首次出现",1,"object","apps/start/src/components/profiles/profile-metrics.tsx:59",""
632,"First Seen","首次出现",1,"attr","apps/start/src/routes/_app.$organizationId.$projectId.groups_.$groupId._tabs.index.tsx:94",""
633,"Flat","平铺",1,"jsx","apps/start/src/components/report-chart/common/report-table-toolbar.tsx:41",""
634,"For app and backend events you need the correct {0}. Copy it here if needed. Never use the client secret in web or client-side code—it would expose your credentials.","对于应用和后端事件，你需要正确的 {0}。如有需要可在此复制。切勿在 Web 或客户端代码中使用客户端密钥——这会暴露你的凭据。",1,"jsx","apps/start/src/components/onboarding/verify-faq.tsx:150",""
635,"for the next 12 months","在接下来的 12 个月内",1,"jsx","apps/start/src/components/organization/cancel-subscription-flow.tsx:311",""
636,"For web tracking, the {0} in your snippet must match this project. Copy it here if needed:","对于 Web 追踪，你代码片段中的 {0} 必须与此项目匹配。如有需要可在此复制：",1,"jsx","apps/start/src/components/onboarding/verify-faq.tsx:114",""
637,"For websites it's important that the domain is correctly configured. We authenticate requests based on the domain. Update allowed domains below:","对于网站，正确配置域名很重要。我们根据域名认证请求。请在下方更新允许的域名：",1,"jsx","apps/start/src/components/onboarding/verify-faq.tsx:129",""
638,"Force delete","强制删除",1,"object","apps/start/src/routes/_app.$organizationId.$projectId.dashboards.tsx:73",""
639,"Forgot password?","忘记密码？",1,"jsx","apps/start/src/components/auth/sign-in-email-form.tsx:75",""
640,"Frequency","频率",1,"jsx","apps/start/src/components/cohort/cohort-criteria-builder.tsx:273",""
641,"Frequently asked questions","常见问题",1,"jsx","apps/start/src/components/organization/billing-faq.tsx:52",""
642,"From","从",1,"jsx","apps/start/src/components/ui/data-table/data-table-slider-filter.tsx:165",""
643,"From (Source Project ID)","从（源项目 ID）",1,"jsx","apps/start/src/components/project-mapper.tsx:69",""
644,"Funnel","漏斗",1,"object","apps/start/src/components/report-chart/funnel/breakdown-list.tsx:126",""
645,"Funnel Group","漏斗分组",1,"jsx","apps/start/src/components/report/sidebar/ReportSettings.tsx:171",""
646,"Funnel Window","漏斗窗口",1,"jsx","apps/start/src/components/report/sidebar/ReportSettings.tsx:198",""
647,"funnelGroup","",1,"zod","","字段名"
648,"funnelWindow","",1,"zod","","字段名"
649,"GCS Bucket","GCS 存储桶",1,"attr","apps/start/src/components/integrations/forms/gcs-export-integration.tsx:104",""
650,"Generating secret…","正在生成密钥…",1,"jsx","apps/start/src/modals/setup-two-factor.tsx:80",""
651,"Geo","地理",1,"jsx","apps/start/src/components/realtime/realtime-geo.tsx:34",""
652,"Geo data provided by {0}","地理数据由 {0} 提供",1,"jsx","apps/start/src/components/overview/overview-top-geo.tsx:202",""
653,"Get a custom plan","获取定制套餐",1,"jsx","apps/start/src/components/organization/billing-prompt.tsx:232",""
654,"Get access","获取访问权限",1,"jsx","apps/start/src/components/auth/share-enter-password.tsx:65",""
655,"Get help faster with priority Discord support","通过优先 Discord 支持更快获得帮助",1,"object","apps/start/src/components/organization/supporter-prompt.tsx:24",""
656,"Get notified when","在以下情况通知我",1,"jsx","apps/start/src/components/notifications/rule-card.tsx:67",""
657,"Get notified when a session has completed this funnel","当某个会话完成此漏斗时通知我",1,"jsx","apps/start/src/components/notifications/rule-card.tsx:77",""
658,"Get started!","开始使用！",1,"jsx","apps/start/src/components/clients/create-client-success.tsx:68",""
659,"Give feedback","提交反馈",1,"jsx","apps/start/src/components/feedback-button.tsx:8",""
660,"Give Feedback","提交反馈",1,"jsx","apps/start/src/components/organization/feedback-prompt.tsx:79",""
661,"Global filters","全局筛选",1,"jsx","apps/start/src/components/report/sidebar/ReportGlobalFilters.tsx:15",""
662,"Google Search","Google 搜索",1,"object","apps/start/src/routes/_app.$organizationId.$projectId.settings._tabs.tsx:49",""
663,"Google Search Console data","Google Search Console 数据",1,"attr","apps/start/src/routes/_app.$organizationId.$projectId.seo.tsx:195",""
664,"Google Search Console is not configured on this instance. Whoever operates it needs to create a Google OAuth client and add it to the API and worker environment. The setup guide has the details.","此实例未配置 Google Search Console。运营方需要创建一个 Google OAuth 客户端，并将其添加到 API 和 worker 环境中。设置指南中有详细说明。",1,"jsx","apps/start/src/routes/_app.$organizationId.$projectId.settings._tabs.gsc.tsx:113",""
665,"Gradient","",1,"zod","","组件名(chart-defs 匹配)"
666,"Group created.","分组已创建。",1,"object","apps/start/src/modals/add-group.tsx:46",""
667,"Group detail","分组详情",1,"object","apps/start/src/components/chat/chat-context-widget.tsx:121",""
668,"Group Information","分组信息",1,"jsx","apps/start/src/routes/_app.$organizationId.$projectId.groups_.$groupId._tabs.index.tsx:120",""
669,"Group not found","未找到分组",1,"jsx","apps/start/src/routes/_app.$organizationId.$projectId.groups_.$groupId._tabs.tsx:105",""
670,"Group properties {0}","分组属性 {0}",1,"jsx","apps/start/src/components/report/sidebar/PropertiesCombobox.tsx:251",""
671,"Group updated.","分组已更新。",1,"object","apps/start/src/modals/edit-group.tsx:63",""
672,"Has any of","含任一",1,"object","apps/start/src/components/ui/data-table/data-table-config.ts:42",""
673,"Has none of","不含任何",1,"object","apps/start/src/components/ui/data-table/data-table-config.ts:43",""
674,"Header Name","请求头名称",1,"attr","apps/start/src/components/integrations/forms/webhook-integration.tsx:174",""
675,"Headers","请求头",1,"attr","apps/start/src/components/integrations/forms/webhook-integration.tsx:167",""
676,"hello[at]openpanel.dev","",1,"jsx","apps/start/src/routes/_login.login.tsx:74","邮箱地址"
677,"Help us build the future of open analytics","帮助我们打造开放分析的未来",1,"attr","apps/start/src/components/organization/supporter-prompt.tsx:84",""
678,"Help us improve OpenPanel with your insights","用你的见解帮助我们改进 OpenPanel",1,"attr","apps/start/src/components/organization/feedback-prompt.tsx:70",""
679,"High bounce","高跳出率",1,"object","apps/start/src/components/page/pages-insights.tsx:58",""
680,"Highest conversion rate","最高转化率",1,"attr","apps/start/src/components/report-chart/funnel/chart.tsx:72",""
681,"Hour","小时",1,"object","apps/start/src/components/report/ReportInterval.tsx:66",""
682,"I can analyze distribution, correlate events, and drill into properties.","我可以分析分布、关联事件并深入研究属性。",1,"object","apps/start/src/components/chat/chat-drawer-empty.tsx:154",""
683,"I can answer questions about the page you're viewing, generate reports, and dig into specific users, sessions, or pages.","我可以回答关于当前页面的问题、生成报表，并深入研究特定用户、会话或页面。",1,"object","apps/start/src/components/chat/chat-drawer-empty.tsx:232",""
684,"I can answer questions about your analytics, generate reports, and dig into users, sessions, or pages.","我可以回答关于你的分析数据的问题、生成报表，并深入研究用户、会话或页面。",1,"object","apps/start/src/components/chat/chat-drawer-empty.tsx:89",""
685,"I can explain trends, compare periods, or filter the page. Try a question or pick a starter.","我可以解释趋势、对比周期或筛选页面。试着提个问题，或选一个预设提问。",1,"object","apps/start/src/components/chat/chat-drawer-empty.tsx:103",""
686,"I can explain why an insight fired, find related ones, or walk you through the most important.","我可以解释某条洞察为何触发、找出相关洞察，或带你了解最重要的部分。",1,"object","apps/start/src/components/chat/chat-drawer-empty.tsx:116",""
687,"I can preview changes, suggest breakdowns, or compare to the previous period.","我可以预览变更、建议拆分维度，或与上一周期对比。",1,"object","apps/start/src/components/chat/chat-drawer-empty.tsx:206",""
688,"I can rank pages by performance, find declining ones, or identify entry/exit patterns.","我可以按表现对页面排名、找出下滑的页面，或识别入口/退出模式。",1,"object","apps/start/src/components/chat/chat-drawer-empty.tsx:128",""
689,"I can show metrics, list members, and compare to peer groups.","我可以展示指标、列出成员，并与同类分组对比。",1,"object","apps/start/src/components/chat/chat-drawer-empty.tsx:193",""
690,"I can summarize every report on this dashboard at once, flag what changed, or zoom into a single chart.","我可以一次性汇总此仪表盘上的每个报表、标记变化，或聚焦到单个图表。",1,"object","apps/start/src/components/chat/chat-drawer-empty.tsx:219",""
691,"I can summarize this profile, build a journey, or compare them to the average user.","我可以汇总此用户画像、构建其旅程，或将其与平均用户对比。",1,"object","apps/start/src/components/chat/chat-drawer-empty.tsx:167",""
692,"I can surface high-opportunity queries, check for cannibalization, and correlate SEO with on-site engagement.","我可以挖掘高机会关键词、检查关键词蚕食，并将 SEO 与站内互动关联分析。",1,"object","apps/start/src/components/chat/chat-drawer-empty.tsx:141",""
693,"I can walk through the path, compare to typical sessions, or explain the referrer context.","我可以梳理路径、与典型会话对比，或解释来源背景。",1,"object","apps/start/src/components/chat/chat-drawer-empty.tsx:180",""
694,"I switched to another service","我改用了其他服务",1,"object","apps/start/src/components/organization/cancel-subscription-flow.tsx:31",""
695,"I'm not using it right now","我现在没在使用",1,"object","apps/start/src/components/organization/cancel-subscription-flow.tsx:28",""
696,"I've saved my codes","我已保存恢复码",1,"jsx","apps/start/src/modals/setup-two-factor.tsx:65",""
697,"IAM Role (AWS)","IAM 角色（AWS）",1,"jsx","apps/start/src/components/integrations/forms/s3-export-integration.tsx:209",""
698,"IAM Role ARN","IAM 角色 ARN",1,"attr","apps/start/src/components/integrations/forms/s3-export-integration.tsx:226",""
699,"IAM Role ARN is required","需要填写 IAM 角色 ARN",1,"toast","apps/start/src/components/integrations/forms/s3-export-integration.tsx:115",""
700,"ID","ID",1,"attr","apps/start/src/modals/add-group.tsx:68",""
701,"Identified","已识别",1,"object","apps/start/src/routes/_app.$organizationId.$projectId.profiles._tabs.tsx:26",""
702,"If you haven't called identify your profiles will be anonymous","如果你未调用 identify，你的用户画像将是匿名的",1,"attr","apps/start/src/routes/_app.$organizationId.$projectId.profiles._tabs.tsx:43",""
703,"Impact (High → Low)","影响（从高到低）",1,"jsx","apps/start/src/routes/_app.$organizationId.$projectId.insights.tsx:362",""
704,"Impact (Low → High)","影响（从低到高）",1,"jsx","apps/start/src/routes/_app.$organizationId.$projectId.insights.tsx:363",""
705,"Import deleted","导入已删除",1,"toast","apps/start/src/routes/_app.$organizationId.$projectId.settings._tabs.imports.tsx:59",""
706,"Import failed","导入失败",1,"toast","apps/start/src/modals/add-import.tsx:404",""
707,"Import from {0}","从 {0} 导入",1,"attr","apps/start/src/modals/add-import.tsx:421",""
708,"Import History","导入历史",1,"jsx","apps/start/src/routes/_app.$organizationId.$projectId.settings._tabs.imports.tsx:156",""
709,"Import retried","已重试导入",1,"toast","apps/start/src/routes/_app.$organizationId.$projectId.settings._tabs.imports.tsx:70",""
710,"Import started","导入已开始",1,"toast","apps/start/src/modals/add-import.tsx:397",""
711,"Imports","导入",1,"object","apps/start/src/routes/_app.$organizationId.$projectId.settings._tabs.tsx:48",""
712,"Include events","包含事件",1,"jsx","apps/start/src/components/report/sidebar/ReportSettings.tsx:282",""
713,"Incorrect password","密码错误",1,"toast","apps/start/src/components/auth/share-enter-password.tsx:25",""
714,"Increasing","上升",1,"jsx","apps/start/src/routes/_app.$organizationId.$projectId.insights.tsx:348",""
715,"India","印度",1,"jsx","apps/start/src/modals/add-import.tsx:241",""
716,"Information","信息",1,"jsx","apps/start/src/modals/event-details.tsx:311",""
717,"Install Server","安装服务器",1,"jsx","apps/start/src/routes/_app.$organizationId.$projectId.settings._tabs.mcp.tsx:164",""
718,"Installed","已安装",1,"object","apps/start/src/routes/_app.$organizationId.$projectId.integrations._tabs.tsx:26",""
719,"Instructions for {0}","{0} 的说明",1,"jsx","apps/start/src/modals/Instructions.tsx:24",""
720,"Integration","集成",1,"object","apps/start/src/components/notifications/table/columns.tsx:66",""
721,"Integration created","集成已创建",1,"toast","apps/start/src/modals/add-integration.tsx:52",""
722,"Integration Logo","集成图标",1,"attr","apps/start/src/components/integrations/integration-card.tsx:66",""
723,"Integrations allow you to connect your systems to OpenPanel. You can add them in the available integrations section.","集成允许你将你的系统连接到 OpenPanel。你可以在“可用集成”区域添加它们。",1,"attr","apps/start/src/components/integrations/active-integrations.tsx:73",""
724,"Invitation to {0}","加入 {0} 的邀请",1,"jsx","apps/start/src/routes/_public.onboarding.tsx:108",""
725,"Invitation to {0} has expired","加入 {0} 的邀请已过期",1,"jsx","apps/start/src/routes/_public.onboarding.tsx:119",""
726,"Invitations","邀请",1,"object","apps/start/src/routes/_app.$organizationId.members._tabs.tsx:42",""
727,"Invite a teammate","邀请团队成员",1,"object","apps/start/src/components/onboarding/activation-banner.tsx:111",""
728,"Invite another user","再邀请一位用户",1,"jsx","apps/start/src/modals/create-invite.tsx:90",""
729,"Invite for {0} revoked","已撤销发给 {0} 的邀请",1,"toast","apps/start/src/components/settings/invites/columns.tsx:68",""
730,"Invite users to your organization. They will receive an email will instructions.","邀请用户加入你的组织。他们将收到一封含说明的邮件。",1,"jsx","apps/start/src/modals/create-invite.tsx:104",""
731,"IP addresses","IP 地址",1,"attr","apps/start/src/components/settings/edit-project-filters.tsx:252",""
732,"Is after","晚于",1,"object","apps/start/src/components/ui/data-table/data-table-config.ts:27",""
733,"Is before","早于",1,"object","apps/start/src/components/ui/data-table/data-table-config.ts:26",""
734,"Is greater than","大于",1,"object","apps/start/src/components/ui/data-table/data-table-config.ts:17",""
735,"Is greater than or equal to","大于或等于",1,"object","apps/start/src/components/ui/data-table/data-table-config.ts:18",""
736,"Is less than","小于",1,"object","apps/start/src/components/ui/data-table/data-table-config.ts:15",""
737,"Is less than or equal to","小于或等于",1,"object","apps/start/src/components/ui/data-table/data-table-config.ts:16",""
738,"Is on or after","在此日期或之后",1,"object","apps/start/src/components/ui/data-table/data-table-config.ts:29",""
739,"Is on or before","在此日期或之前",1,"object","apps/start/src/components/ui/data-table/data-table-config.ts:28",""
740,"Is relative to today","相对于今天",1,"object","apps/start/src/components/ui/data-table/data-table-config.ts:31",""
741,"Issues {0}","问题 {0}",1,"jsx","apps/start/src/components/forms/input-with-label.tsx:45",""
742,"Issues loading usage data","加载用量数据时出现问题",1,"jsx","apps/start/src/components/organization/billing-usage.tsx:86",""
743,"It's missing features I need","它缺少我需要的功能",1,"object","apps/start/src/components/organization/cancel-subscription-flow.tsx:30",""
744,"It's too complicated","它太复杂了",1,"object","apps/start/src/components/organization/cancel-subscription-flow.tsx:32",""
745,"It's too expensive","它太贵了",1,"object","apps/start/src/components/organization/cancel-subscription-flow.tsx:29",""
746,"JavaScript","JavaScript",1,"object","apps/start/src/components/integrations/forms/webhook-integration.tsx:228",""
747,"JavaScript template","JavaScript 模板",1,"zod","",""
748,"JavaScript Transform","JavaScript 转换",1,"attr","apps/start/src/components/integrations/forms/webhook-integration.tsx:245",""
749,"Keep current event","保留当前事件",1,"jsx","apps/start/src/components/report/sidebar/ReportFunnelSteps.tsx:369",""
750,"Keyboard shortcut: Cmd+J","键盘快捷键：Cmd+J",1,"attr","apps/start/src/components/chat/sidebar-chat-composer.tsx:76",""
751,"Keyword Cannibalization","关键词蚕食",1,"jsx","apps/start/src/components/page/gsc-cannibalization.tsx:93",""
752,"KMS Key ID","KMS Key ID",1,"attr","apps/start/src/components/integrations/forms/s3-export-integration.tsx:301",""
753,"Last","最近",1,"object","apps/start/src/components/cohort/cohort-criteria-builder.tsx:370",""
754,"Last computed","上次计算",1,"attr","apps/start/src/routes/_app.$organizationId.$projectId.cohorts_.$cohortId._tabs.index.tsx:101",""
755,"Last days","最近天数",1,"jsx","apps/start/src/components/time-window-picker.tsx:244",""
756,"Last error","上次错误",1,"jsx","apps/start/src/routes/_app.$organizationId.$projectId.settings._tabs.gsc.tsx:350",""
757,"Last seen","最近出现",1,"object","apps/start/src/components/profiles/profile-metrics.tsx:66",""
758,"Last Seen","最近出现",1,"attr","apps/start/src/routes/_app.$organizationId.$projectId.groups_.$groupId._tabs.index.tsx:105",""
759,"Last synced","上次同步",1,"jsx","apps/start/src/routes/_app.$organizationId.$projectId.settings._tabs.gsc.tsx:328",""
760,"Latest","最新",1,"jsx","apps/start/src/components/chat/chat-drawer-body.tsx:100",""
761,"Latest Events","最新事件",1,"jsx","apps/start/src/components/profiles/latest-events.tsx:58",""
762,"Layout reset to default","布局已重置为默认",1,"toast","apps/start/src/routes/_app.$organizationId.$projectId.dashboards_.$dashboardId.tsx:186",""
763,"Learn more","了解更多",1,"jsx","apps/start/src/components/organization/supporter-prompt.tsx:107",""
764,"Leave empty to give access to all projects","留空以授予对所有项目的访问权限",1,"jsx","apps/start/src/modals/create-invite.tsx:161",""
765,"Leave empty to include all","留空以包含全部",1,"attr","apps/start/src/components/report/sidebar/ReportSettings.tsx:295",""
766,"Left to use","剩余可用",1,"attr","apps/start/src/components/organization/billing-usage.tsx:185",""
767,"Light","浅色",1,"object","apps/start/src/components/theme-provider.tsx:51",""
768,"Limit","上限",1,"attr","apps/start/src/components/organization/billing-usage.tsx:202",""
769,"Line Eyes","直线眼",1,"jsx","apps/start/src/components/facehash/faces.tsx:35",""
770,"Line type","线条类型",1,"attr","apps/start/src/components/report/ReportLineType.tsx:29",""
771,"Link out","出站链接",1,"object","apps/start/src/components/overview/overview-top-events.tsx:55",""
772,"Live · 30 min","实时 · 30 分钟",1,"jsx","apps/start/src/components/overview/overview-live-histogram.tsx:79",""
773,"Loading map...","加载地图中…",1,"jsx","apps/start/src/components/overview/overview-map.tsx:50",""
774,"Loading plans","加载套餐中",1,"jsx","apps/start/src/components/organization/billing-prompt.tsx:225",""
775,"Loading session replay","加载会话回放中",1,"jsx","apps/start/src/components/sessions/replay/index.tsx:176",""
776,"Loading users...","加载用户中…",1,"jsx","apps/start/src/modals/view-chart-users.tsx:166",""
777,"Locations","位置",1,"jsx","apps/start/src/components/realtime/map/map-badge-detail-card.tsx:95",""
778,"Log out","退出登录",1,"jsx","apps/start/src/routes/index.tsx:92",""
779,"Login {0}","登录 {0}",1,"jsx","apps/start/src/components/onboarding/skip-onboarding.tsx:35",""
780,"Logout","退出登录",1,"jsx","apps/start/src/components/profile-toggle.tsx:79",""
781,"Looks like you haven't identified any profiles yet.","看起来你还没有识别任何用户画像。",1,"object","apps/start/src/components/profiles/table/index.tsx:100",""
782,"Looks like you haven't inserted any events yet.","看起来你还没有插入任何事件。",1,"attr","apps/start/src/components/sessions/table/index.tsx:229",""
783,"Low","低",1,"jsx","apps/start/src/routes/_app.$organizationId.$projectId.insights.tsx:333",""
784,"Low CTR","低点击率",1,"object","apps/start/src/components/page/pages-insights.tsx:40",""
785,"Low visibility","低曝光度",1,"object","apps/start/src/components/page/pages-insights.tsx:52",""
786,"Lower is better","越低越好",1,"jsx","apps/start/src/components/page/gsc-position-chart.tsx:68",""
787,"Maintenance mode","维护模式",1,"attr","apps/start/src/routes/_app.tsx:28",""
788,"Manage","管理",1,"jsx","apps/start/src/components/sidebar-project-menu.tsx:73",""
789,"Manage your billing here","在此管理你的账单",1,"attr","apps/start/src/routes/_app.$organizationId.billing.tsx:72",""
790,"Manage your integrations here","在此管理你的集成",1,"attr","apps/start/src/routes/_app.$organizationId.$projectId.integrations._tabs.tsx:41",""
791,"Manage your members here","在此管理你的成员",1,"attr","apps/start/src/routes/_app.$organizationId.members._tabs.tsx:54",""
792,"Manage your project settings here","在此管理你的项目设置",1,"attr","apps/start/src/routes/_app.$organizationId.$projectId.settings._tabs.tsx:62",""
793,"Manage your workspace settings here","在此管理你的工作区设置",1,"attr","apps/start/src/routes/_app.$organizationId.settings.tsx:84",""
794,"Map","地图",1,"jsx","apps/start/src/components/overview/overview-top-geo.tsx:217",""
795,"Map source project IDs to your OpenPanel projects. If you skip mapping all data will be imported to your current project.","将源项目 ID 映射到你的 OpenPanel 项目。如果跳过映射，所有数据都将导入到你当前的项目。",1,"jsx","apps/start/src/components/project-mapper.tsx:57",""
796,"MaxMind","MaxMind",1,"jsx","apps/start/src/components/overview/overview-top-geo.tsx:204",""
797,"Maybe later","稍后再说",1,"jsx","apps/start/src/components/organization/yearly-switch-prompt.tsx:99",""
798,"MCP","MCP",1,"object","apps/start/src/routes/_app.$organizationId.$projectId.settings._tabs.tsx:46",""
799,"MCP Server","MCP 服务器",1,"jsx","apps/start/src/routes/_app.$organizationId.$projectId.settings._tabs.mcp.tsx:192",""
800,"MCP token","MCP Token",1,"attr","apps/start/src/routes/_steps.onboarding.$projectId.connect.tsx:109",""
801,"MCP Token","MCP Token",1,"attr","apps/start/src/components/clients/create-client-success.tsx:47",""
802,"Member","成员",1,"jsx","apps/start/src/modals/create-invite.tsx:136",""
803,"Minute","分钟",1,"object","apps/start/src/components/report/ReportInterval.tsx:61",""
804,"Missing reset password token","缺少重置密码 Token",1,"attr","apps/start/src/routes/_login.reset-password.tsx:19",""
805,"Mixpanel too expensive, Google Analytics has no privacy, Amplitude old and boring","Mixpanel 太贵，Google Analytics 没有隐私，Amplitude 又老又无聊",1,"attr","apps/start/src/components/login-left-panel.tsx:17",""
806,"MM/DD/YYYY HH:mm","",1,"jsx","apps/start/src/components/ui/date-time.tsx:52","日期格式"
807,"Mode","模式",1,"jsx","apps/start/src/components/report/sidebar/ReportSettings.tsx:218",""
808,"Moderate","中等",1,"jsx","apps/start/src/routes/_app.$organizationId.$projectId.insights.tsx:332",""
809,"Month","月",1,"object","apps/start/src/components/report/ReportInterval.tsx:85",""
810,"More {0}","更多 {0}",1,"jsx","apps/start/src/components/overview/overview-widget.tsx:148",""
811,"More details","更多详情",1,"jsx","apps/start/src/modals/Instructions.tsx:38",""
812,"Most conversions","最多转化",1,"attr","apps/start/src/components/report-chart/funnel/chart.tsx:88",""
813,"Most dropoffs after","在此步骤后流失最多",1,"attr","apps/start/src/components/report-chart/funnel/chart.tsx:240",""
814,"Most Recent","最近",1,"jsx","apps/start/src/routes/_app.$organizationId.$projectId.insights.tsx:366",""
815,"Most visted pages","访问最多的页面",1,"jsx","apps/start/src/components/profiles/popular-routes.tsx:14",""
816,"Move","移动",1,"jsx","apps/start/src/modals/move-report.tsx:88",""
817,"Move report","移动报表",1,"attr","apps/start/src/modals/move-report.tsx:55",""
818,"N/A","不适用",1,"jsx","apps/start/src/components/overview/overview-metric-card.tsx:176",""
819,"Name (A → Z)","名称（A → Z）",1,"jsx","apps/start/src/components/report-chart/bar/chart.tsx:144",""
820,"Name (Z → A)","名称（Z → A）",1,"jsx","apps/start/src/components/report-chart/bar/chart.tsx:145",""
821,"Name of the dashboard","仪表盘名称",1,"attr","apps/start/src/modals/add-dashboard.tsx:71",""
822,"Name: Formula ({0})","名称：公式（{0}）",1,"attr","apps/start/src/components/report/sidebar/ReportSeries.tsx:243",""
823,"Near page 1","接近第 1 页",1,"object","apps/start/src/components/page/pages-insights.tsx:46",""
824,"Need a token?","需要 Token？",1,"jsx","apps/start/src/routes/_app.$organizationId.$projectId.settings._tabs.mcp.tsx:212",""
825,"Never mind","算了",1,"jsx","apps/start/src/components/organization/cancel-subscription-flow.tsx:202",""
826,"Never miss a beat with our real-time analytics","借助我们的实时分析，不错过任何动态",1,"attr","apps/start/src/components/login-left-panel.tsx:27",""
827,"New members last 30 days","最近 30 天新成员",1,"jsx","apps/start/src/components/groups/group-member-growth.tsx:84",""
828,"New organization {0}","新建组织 {0}",1,"jsx","apps/start/src/components/project-selector.tsx:154",""
829,"New recovery codes","新的恢复码",1,"attr","apps/start/src/modals/regenerate-recovery-codes.tsx:39",""
830,"Next slide","下一张",1,"jsx","apps/start/src/components/ui/carousel.tsx:251",""
831,"No access","无访问权限",1,"attr","apps/start/src/routes/__root.tsx:80",""
832,"No activity","无活动",1,"jsx","apps/start/src/components/profiles/profile-activity.tsx:65",""
833,"No activity yet","暂无活动",1,"jsx","apps/start/src/components/projects/project-chart.tsx:138",""
834,"No AI traffic in this period","此期间无 AI 流量",1,"attr","apps/start/src/routes/_app.$organizationId.$projectId.seo.tsx:528",""
835,"No cohorts","暂无用户群组",1,"attr","apps/start/src/routes/_app.$organizationId.$projectId.cohorts.tsx:91",""
836,"No columns found.","未找到列。",1,"jsx","apps/start/src/components/ui/data-table/data-table-view-options.tsx:191",""
837,"No conversations yet. Start typing to create one.","暂无对话，开始输入即可创建。",1,"jsx","apps/start/src/components/chat/chat-drawer-header.tsx:80",""
838,"No credit card required · Free 30-day trial · Cancel anytime","无需信用卡 · 免费试用 30 天 · 随时取消",1,"jsx","apps/start/src/routes/_public.onboarding.tsx:146",""
839,"No dashboards","暂无仪表盘",1,"attr","apps/start/src/routes/_app.$organizationId.$projectId.dashboards.tsx:95",""
840,"No data yet","暂无数据",1,"jsx","apps/start/src/components/groups/group-member-growth.tsx:88",""
841,"No events","无事件",1,"attr","apps/start/src/components/events/table/index.tsx:199",""
842,"No events found","未找到事件",1,"jsx","apps/start/src/routes/_app.$organizationId.$projectId.sessions_.$sessionId.tsx:423",""
843,"No events received?","未收到事件？",1,"jsx","apps/start/src/components/onboarding/verify-faq.tsx:101",""
844,"No events yet","暂无事件",1,"jsx","apps/start/src/components/cohort/cohort-events-chart.tsx:79",""
845,"No groups found","未找到分组",1,"object","apps/start/src/components/groups/table/index.tsx:80",""
846,"No imports yet","暂无导入",1,"attr","apps/start/src/routes/_app.$organizationId.$projectId.settings._tabs.imports.tsx:176",""
847,"No insights found","未找到洞察",1,"attr","apps/start/src/routes/_app.$organizationId.$projectId.insights.tsx:373",""
848,"No journey data available","暂无旅程数据",1,"jsx","apps/start/src/components/overview/overview-user-journey.tsx:246",""
849,"No matching reports","无匹配的报表",1,"attr","apps/start/src/routes/_app.$organizationId.$projectId.dashboards_.$dashboardId.tsx:386",""
850,"No pages","暂无页面",1,"object","apps/start/src/components/pages/table/index.tsx:124",""
851,"No profile","无用户画像",1,"jsx","apps/start/src/components/chat/tool-results/chat-profile-result.tsx:37",""
852,"No profiles","暂无用户画像",1,"object","apps/start/src/components/profiles/table/index.tsx:99",""
853,"No project found","未找到项目",1,"attr","apps/start/src/routes/_steps.onboarding.$projectId.connect.tsx:51",""
854,"No projects found","未找到项目",1,"attr","apps/start/src/routes/_app.$organizationId.index.tsx:55",""
855,"No properties found","未找到属性",1,"attr","apps/start/src/components/profiles/profile-properties.tsx:118",""
856,"No recent sessions","暂无最近会话",1,"jsx","apps/start/src/components/realtime/map/map-badge-detail-card.tsx:260",""
857,"No replay data available for this session.","此会话暂无回放数据。",1,"jsx","apps/start/src/components/sessions/replay/index.tsx:184",""
858,"No reports match ""{0}"". Try a different search.","没有报表匹配“{0}”。请尝试其他搜索。",1,"jsx","apps/start/src/routes/_app.$organizationId.$projectId.dashboards_.$dashboardId.tsx:387",""
859,"No result.","无结果。",1,"jsx","apps/start/src/components/chat/tool-results/default-tool-result.tsx:37",""
860,"No results found.","未找到结果。",1,"jsx","apps/start/src/components/ui/data-table/data-table-faceted-filter.tsx:142",""
861,"No results.","无结果。",1,"jsx","apps/start/src/components/ui/data-table/virtualized-data-table.tsx:167",""
862,"No Search Console properties found for this Google account.","未找到此 Google 账户的 Search Console 资源。",1,"jsx","apps/start/src/routes/_app.$organizationId.$projectId.settings._tabs.gsc.tsx:179",""
863,"No search traffic in this period","此期间无搜索流量",1,"attr","apps/start/src/routes/_app.$organizationId.$projectId.seo.tsx:513",""
864,"No SEO data yet","暂无 SEO 数据",1,"attr","apps/start/src/routes/_app.$organizationId.$projectId.seo.tsx:210",""
865,"No sessions found","未找到会话",1,"attr","apps/start/src/components/sessions/table/index.tsx:230",""
866,"No Severity","无严重级别",1,"jsx","apps/start/src/routes/_app.$organizationId.$projectId.insights.tsx:334",""
867,"No usage data yet","暂无用量数据",1,"jsx","apps/start/src/components/organization/billing-usage.tsx:97",""
868,"No users found","未找到用户",1,"jsx","apps/start/src/modals/view-chart-users.tsx:112",""
869,"None","无",1,"jsx","apps/start/src/components/integrations/forms/s3-export-integration.tsx:292",""
870,"Number of days for custom date filter","自定义日期筛选的天数",1,"attr","apps/start/src/components/time-window-picker.tsx:246",""
871,"Number of screen views in the session","会话中的屏幕浏览次数",1,"object","apps/start/src/components/report/sidebar/PropertiesCombobox.tsx:66",""
872,"On","在此日期",1,"object","apps/start/src/components/report/sidebar/ReportSettings.tsx:118",""
873,"On or After","在此日期或之后",1,"object","apps/start/src/components/report/sidebar/ReportSettings.tsx:114",""
874,"One last thing — 30% off for a year","最后一件事——全年 7 折",1,"attr","apps/start/src/components/organization/cancel-subscription-flow.tsx:304",""
875,"Only {0} and {1} clients can authenticate with MCP. Create one and copy the MCP token from the success screen — it's only shown once.","只有 {0} 和 {1} 客户端可以通过 MCP 认证。创建一个并从成功页面复制 MCP Token——它只显示一次。",1,"jsx","apps/start/src/routes/_app.$organizationId.$projectId.settings._tabs.mcp.tsx:213",""
876,"Open AI chat","打开 AI 对话",1,"attr","apps/start/src/components/sidebar.tsx:156",""
877,"Open AI chat (⌘J)","打开 AI 对话（⌘J）",1,"attr","apps/start/src/components/sidebar.tsx:155",""
878,"Open in dashboard →","在仪表盘中打开 →",1,"jsx","apps/start/src/components/chat/tool-results/chat-report-result.tsx:89",""
879,"Open profile →","打开用户画像 →",1,"jsx","apps/start/src/components/chat/tool-results/chat-profile-result.tsx:107",""
880,"Open source","开源",1,"attr","apps/start/src/components/login-left-panel.tsx:56",""
881,"OpenAI","OpenAI",1,"attr","apps/start/src/components/chat/chat-drawer-empty.tsx:61",""
882,"OpenPanel","OpenPanel",1,"jsx","apps/start/src/routes/widget/badge.tsx:64",""
883,"Openpanel logo","OpenPanel 标志",1,"attr","apps/start/src/components/logo.tsx:12",""
884,"Opportunities","机会",1,"jsx","apps/start/src/components/page/pages-insights.tsx:251",""
885,"Optional external ID for cross-account access","用于跨账户访问的可选外部 ID",1,"attr","apps/start/src/components/integrations/forms/s3-export-integration.tsx:234",""
886,"Optional note","备注（可选）",1,"attr","apps/start/src/components/report/sidebar/ReportFunnelSteps.tsx:335",""
887,"OR","或",1,"jsx","apps/start/src/components/auth/or.tsx:7",""
888,"Organization","组织",1,"jsx","apps/start/src/components/sidebar.tsx:60",""
889,"Organization deletion cancelled","已取消组织删除",1,"toast","apps/start/src/components/settings/delete-organization.tsx:27",""
890,"Organizations","组织",1,"jsx","apps/start/src/components/project-selector.tsx:137",""
891,"Origins","来源",1,"attr","apps/start/src/modals/overview-filters.tsx:83",""
892,"OS","操作系统",1,"object","apps/start/src/components/notifications/table/columns.tsx:118",""
893,"Other","其他",1,"object","apps/start/src/components/organization/cancel-subscription-flow.tsx:35",""
894,"Overview public availability","概览公开访问设置",1,"attr","apps/start/src/modals/share-overview-modal.tsx:105",""
895,"Page not found","未找到页面",1,"attr","apps/start/src/router.tsx:28",""
896,"Page views","页面浏览",1,"jsx","apps/start/src/components/profiles/profile-charts.tsx:87",""
897,"Page Views","页面浏览",1,"object","apps/start/src/components/profiles/profile-metrics.tsx:24",""
898,"Pages / Session","每会话页面数",1,"object","apps/start/src/components/overview/overview-weekly-trends.tsx:40",""
899,"Pages per session","每会话页面数",1,"object","apps/start/src/components/overview/overview-metrics.tsx:59",""
900,"Paginate through your events, conversions and overall stats","分页浏览你的事件、转化和整体统计",1,"attr","apps/start/src/routes/_app.$organizationId.$projectId.events._tabs.tsx:45",""
901,"Password reset successfully","密码重置成功",1,"toast","apps/start/src/components/auth/reset-password-form.tsx:21",""
902,"Paste the contents of your GCS service account JSON key file (a document with {0}). The service account needs write access to the specified bucket.","粘贴你的 GCS 服务账号 JSON 密钥文件的内容（一个含 {0} 的文件）。该服务账号需要对指定存储桶的写入权限。",1,"jsx","apps/start/src/components/integrations/forms/gcs-export-integration.tsx:166",""
903,"Paths","路径",1,"jsx","apps/start/src/components/realtime/realtime-paths.tsx:34",""
904,"Pattern","",1,"zod","","组件名(chart-defs 匹配)"
905,"Pause for {0} {1}","暂停 {0} {1}",1,"jsx","apps/start/src/components/organization/cancel-subscription-flow.tsx:278",""
906,"Paused","已暂停",1,"object","apps/start/src/components/organization/billing-prompt.tsx:72",""
907,"Pay What You Want","随心付",1,"jsx","apps/start/src/components/sidebar.tsx:169",""
908,"Payload Format","Payload 格式",1,"attr","apps/start/src/components/integrations/forms/webhook-integration.tsx:215",""
909,"Payment issue","支付问题",1,"object","apps/start/src/components/organization/billing-prompt.tsx:62",""
910,"Percentage (High → Low)","百分比（从高到低）",1,"jsx","apps/start/src/components/report-chart/bar/chart.tsx:146",""
911,"Percentage (Low → High)","百分比（从低到高）",1,"jsx","apps/start/src/components/report-chart/bar/chart.tsx:149",""
912,"Performed event","已执行事件",1,"object","apps/start/src/components/report/sidebar/PropertiesCombobox.tsx:85",""
913,"Personal curl example","个人 curl 示例",1,"jsx","apps/start/src/components/onboarding/verify-faq.tsx:180",""
914,"Pick a color","选择颜色",1,"jsx","apps/start/src/modals/edit-event.tsx:150",""
915,"Pick an icon","选择图标",1,"jsx","apps/start/src/modals/edit-event.tsx:100",""
916,"Pick atleast one event to start visualize","至少选择一个事件以开始可视化",1,"jsx","apps/start/src/components/report-chart/common/empty.tsx:40",""
917,"pick cohort","选择用户群组",1,"jsx","apps/start/src/components/overview/filters/overview-filters-buttons.tsx:118",""
918,"Pick events","选择事件",1,"jsx","apps/start/src/components/report-chart/report-editor.tsx:71",""
919,"Pick integrations","选择集成",1,"attr","apps/start/src/modals/add-notification-rule.tsx:242",""
920,"pick value","选择值",1,"jsx","apps/start/src/components/overview/filters/overview-filters-buttons.tsx:186",""
921,"Plan change","套餐变更",1,"object","apps/start/src/components/organization/billing-prompt.tsx:82",""
922,"Please add a domain","请添加一个域名",1,"object","apps/start/src/components/settings/edit-project-details.tsx:81",""
923,"Please add at least one cors domain","请至少添加一个 CORS 域名",1,"object","apps/start/src/components/settings/edit-project-details.tsx:73",""
924,"Please copy it manually.","请手动复制。",1,"object","apps/start/src/utils/clipboard.ts:52",""
925,"Please enter correct password to access this {0}","请输入正确的密码以访问此 {0}",1,"attr","apps/start/src/components/auth/share-enter-password.tsx:56",""
926,"Popular events","热门事件",1,"jsx","apps/start/src/components/profiles/most-events.tsx:14",""
927,"pos {0} · {1}% CTR · {2} impr","排名 {0} · 点击率 {1}% · {2} 次曝光",1,"jsx","apps/start/src/components/page/gsc-cannibalization.tsx:238",""
928,"Position #{0}","排名第 {0}",1,"jsx","apps/start/src/components/page/gsc-ctr-benchmark.tsx:69",""
929,"Possibly related: {0}","可能相关：{0}",1,"jsx","apps/start/src/modals/insight-details.tsx:205",""
930,"Power users","重度用户",1,"object","apps/start/src/routes/_app.$organizationId.$projectId.profiles._tabs.tsx:28",""
931,"Powered by {0} · {1}","由 {0} 驱动 · {1}",1,"jsx","apps/start/src/components/public-page-card.tsx:36",""
932,"Press {0}","按 {0}",1,"jsx","apps/start/src/components/ui/input-enter.tsx:56",""
933,"Previous slide","上一张",1,"jsx","apps/start/src/components/ui/carousel.tsx:222",""
934,"Privacy by default","默认隐私保护",1,"attr","apps/start/src/components/login-left-panel.tsx:46",""
935,"Privacy Policy","隐私政策",1,"jsx","apps/start/src/routes/_public.onboarding.tsx:81",""
936,"Profile detail","用户画像详情",1,"object","apps/start/src/components/chat/chat-context-widget.tsx:120",""
937,"Profile filters","用户画像筛选",1,"attr","apps/start/src/components/profiles/table/index.tsx:126",""
938,"Profile IDs","用户画像 ID",1,"attr","apps/start/src/components/settings/edit-project-filters.tsx:269",""
939,"Profile Information","用户画像信息",1,"jsx","apps/start/src/components/profiles/profile-properties.tsx:24",""
940,"Profile properties {0}","用户画像属性 {0}",1,"jsx","apps/start/src/components/report/sidebar/PropertiesCombobox.tsx:239",""
941,"Profile updated","用户画像已更新",1,"toast","apps/start/src/routes/_app.$organizationId.account._tabs.index.tsx:43",""
942,"Progress","进度",1,"jsx","apps/start/src/routes/_app.$organizationId.$projectId.settings._tabs.imports.tsx:165",""
943,"Project created","项目已创建",1,"toast","apps/start/src/modals/add-project.tsx:56",""
944,"Project deletion cancelled","已取消项目删除",1,"toast","apps/start/src/components/settings/delete-project.tsx:46",""
945,"Project filters updated","项目筛选已更新",1,"toast","apps/start/src/components/settings/edit-project-filters.tsx:184",""
946,"Project ID","项目 ID",1,"attr","apps/start/src/modals/add-import.tsx:184",""
947,"Project is scheduled for deletion","项目已计划删除",1,"toast","apps/start/src/components/settings/delete-project.tsx:32",""
948,"Project Mapper (Optional)","项目映射器（可选）",1,"jsx","apps/start/src/components/project-mapper.tsx:45",""
949,"Project name","项目名称",1,"attr","apps/start/src/modals/add-project.tsx:145",""
950,"Project scheduled for deletion","项目已计划删除",1,"jsx","apps/start/src/components/settings/delete-project.tsx:68",""
951,"Project settings","项目设置",1,"attr","apps/start/src/routes/_app.$organizationId.$projectId.settings._tabs.tsx:63",""
952,"Project updated","项目已更新",1,"toast","apps/start/src/components/settings/edit-project-details.tsx:52",""
953,"ProjectLink","",1,"jsx","apps/start/src/components/links.tsx:44","组件名"
954,"Property","属性",1,"jsx","apps/start/src/routes/_app.$organizationId.$projectId.settings._tabs.gsc.tsx:297",""
955,"Property-based","基于属性",1,"jsx","apps/start/src/components/cohort/cohort-criteria-builder.tsx:56",""
956,"Protect your account with an authenticator app (Google Authenticator, 1Password, Authy, etc.). You'll be asked for a 6-digit code each time you sign in with email and password.","使用验证器应用（Google Authenticator、1Password、Authy 等）保护你的账户。每次使用邮箱和密码登录时，都会要求你输入 6 位验证码。",1,"jsx","apps/start/src/routes/_app.$organizationId.account._tabs.two-factor.tsx:27",""
957,"Provider","提供方",1,"jsx","apps/start/src/routes/_app.$organizationId.$projectId.settings._tabs.imports.tsx:162",""
958,"Quality didn't meet my expectations","质量未达到我的预期",1,"object","apps/start/src/components/organization/cancel-subscription-flow.tsx:33",""
959,"Questions? Email us","有疑问？给我们发邮件",1,"jsx","apps/start/src/components/organization/billing-prompt.tsx:342",""
960,"Rank {0}","排名 {0}",1,"jsx","apps/start/src/components/report-chart/bar/chart.tsx:217",""
961,"Read (access export API)","读取（访问导出 API）",1,"object","apps/start/src/modals/add-client.tsx:121",""
962,"Read docs","阅读文档",1,"jsx","apps/start/src/modals/add-client.tsx:71",""
963,"Read our {0} to get started. Easy peasy!","阅读我们的 {0} 即可开始。轻而易举！",1,"jsx","apps/start/src/components/clients/create-client-success.tsx:69",""
964,"Read the setup guide","阅读设置指南",1,"jsx","apps/start/src/routes/_app.$organizationId.$projectId.settings._tabs.gsc.tsx:118",""
965,"Read-only","只读",1,"jsx","apps/start/src/components/settings/project-access-grants.tsx:85",""
966,"Ready when you're","准备好了就开始",1,"jsx","apps/start/src/components/report-chart/common/empty.tsx:37",""
967,"Real time data {0} at your fingertips","实时数据 {0} 触手可及",1,"jsx","apps/start/src/components/mock-event-list.tsx:119",""
968,"Realtime","实时",1,"attr","apps/start/src/components/sidebar-project-menu.tsx:67",""
969,"Realtime cluster","实时集群",1,"jsx","apps/start/src/components/realtime/map/map-badge-detail-card.tsx:68",""
970,"Realtime Widget Preview","实时小组件预览",1,"attr","apps/start/src/routes/_app.$organizationId.$projectId.settings._tabs.widgets.tsx:267",""
971,"Recent sessions","最近会话",1,"jsx","apps/start/src/components/realtime/map/map-badge-detail-card.tsx:199",""
972,"Reference","参考标记",1,"jsx","apps/start/src/routes/_app.$organizationId.$projectId.references.tsx:185",""
973,"Reference created.","参考标记已创建。",1,"object","apps/start/src/modals/add-reference.tsx:44",""
974,"Reference deleted","参考标记已删除",1,"toast","apps/start/src/routes/_app.$organizationId.$projectId.references.tsx:110",""
975,"Reference updated.","参考标记已更新。",1,"object","apps/start/src/modals/edit-reference.tsx:53",""
976,"References is a good way to keep track of important events. They will show up in your reports.","参考标记是追踪重要事件的好方法。它们会显示在你的报表中。",1,"attr","apps/start/src/routes/_app.$organizationId.$projectId.references.tsx:179",""
977,"Referrals","引荐来源",1,"jsx","apps/start/src/components/realtime/realtime-referrals.tsx:31",""
978,"Referrers:","引荐来源：",1,"jsx","apps/start/src/components/realtime/realtime-live-histogram.tsx:210",""
979,"Refreshed data","数据已刷新",1,"toast","apps/start/src/components/overview/live-counter.tsx:17",""
980,"Regenerate","重新生成",1,"jsx","apps/start/src/modals/regenerate-recovery-codes.tsx:88",""
981,"Region","区域",1,"jsx","apps/start/src/components/integrations/forms/s3-export-integration.tsx:154",""
982,"Relevance (AI)","相关性（AI）",1,"jsx","apps/start/src/routes/_app.$organizationId.$projectId.insights.tsx:361",""
983,"Remove event {0}","移除事件 {0}",1,"attr","apps/start/src/components/report/sidebar/ReportFunnelSteps.tsx:341",""
984,"Remove member","移除成员",1,"jsx","apps/start/src/components/settings/members/columns.tsx:117",""
985,"Remove tag","移除标签",1,"jsx","apps/start/src/components/forms/tag-input.tsx:131",""
986,"Remove this alternate event","移除此备选事件",1,"attr","apps/start/src/components/report/sidebar/ReportFunnelSteps.tsx:345",""
987,"Report","报表",1,"jsx","apps/start/src/routes/_app.$organizationId.$projectId.dashboards_.$dashboardId.tsx:312",""
988,"Report created","报表已创建",1,"toast","apps/start/src/modals/save-report.tsx:70",""
989,"Report data returned but no renderable config.","已返回报表数据，但没有可渲染的配置。",1,"jsx","apps/start/src/components/chat/tool-results/chat-report-result.tsx:60",""
990,"Report deleted","报表已删除",1,"toast","apps/start/src/routes/_app.$organizationId.$projectId.dashboards_.$dashboardId.tsx:156",""
991,"Report duplicated","报表已复制",1,"toast","apps/start/src/routes/_app.$organizationId.$projectId.dashboards_.$dashboardId.tsx:167",""
992,"Report editor","报表编辑器",1,"object","apps/start/src/components/chat/chat-context-widget.tsx:122",""
993,"Report moved","报表已移动",1,"toast","apps/start/src/modals/move-report.tsx:40",""
994,"Report name","报表名称",1,"attr","apps/start/src/modals/save-report.tsx:112",""
995,"Report public availability","报表公开访问设置",1,"attr","apps/start/src/modals/share-report-modal.tsx:106",""
996,"Report updated.","报表已更新。",1,"object","apps/start/src/components/report/ReportSaveButton.tsx:36",""
997,"Request password reset","请求重置密码",1,"attr","apps/start/src/modals/request-reset-password.tsx:52",""
998,"Required for R2, MinIO, etc. Leave empty for AWS S3.","R2、MinIO 等需要填写。AWS S3 请留空。",1,"jsx","apps/start/src/components/integrations/forms/s3-export-integration.tsx:250",""
999,"Reset filters","重置筛选",1,"attr","apps/start/src/components/ui/data-table/data-table-toolbar.tsx:73",""
1000,"Reset layout","重置布局",1,"object","apps/start/src/routes/_app.$organizationId.$projectId.dashboards_.$dashboardId.tsx:333",""
1001,"Reset password","重置密码",1,"jsx","apps/start/src/components/auth/reset-password-form.tsx:64",""
1002,"Reset your password","重置你的密码",1,"jsx","apps/start/src/components/auth/reset-password-form.tsx:47",""
1003,"Resize chat drawer","调整对话抽屉大小",1,"attr","apps/start/src/components/chat/chat-drawer.tsx:85",""
1004,"Restrict access","限制访问",1,"jsx","apps/start/src/modals/create-invite.tsx:155",""
1005,"Restrict access to projects","限制对项目的访问",1,"attr","apps/start/src/components/settings/project-access-grants.tsx:54",""
1006,"Retained Users:","留存用户：",1,"jsx","apps/start/src/components/report-chart/retention/tooltip.tsx:38",""
1007,"Retention Rate:","留存率：",1,"jsx","apps/start/src/components/report-chart/retention/tooltip.tsx:32",""
1008,"Retry","重试",1,"jsx","apps/start/src/routes/_app.$organizationId.$projectId.settings._tabs.imports.tsx:279",""
1009,"Revenue attributed to the session","归因于该会话的收入",1,"object","apps/start/src/components/report/sidebar/PropertiesCombobox.tsx:81",""
1010,"Revenue tracking","收入追踪",1,"attr","apps/start/src/components/settings/edit-project-details.tsx:183",""
1011,"Revoke","撤销",1,"jsx","apps/start/src/components/clients/table/columns.tsx:66",""
1012,"Revoke client","撤销客户端",1,"object","apps/start/src/components/clients/table/columns.tsx:69",""
1013,"Revoke invite","撤销邀请",1,"jsx","apps/start/src/components/settings/invites/columns.tsx:92",""
1014,"Root (access export API)","Root（访问导出 API）",1,"object","apps/start/src/modals/add-client.tsx:125",""
1015,"Round Eyes","圆眼",1,"jsx","apps/start/src/components/facehash/faces.tsx:13",""
1016,"Rule","规则",1,"object","apps/start/src/components/notifications/table/columns.tsx:77",""
1017,"Rule deleted","规则已删除",1,"toast","apps/start/src/components/notifications/rule-card.tsx:53",""
1018,"Rule name","规则名称",1,"attr","apps/start/src/modals/add-notification-rule.tsx:112",""
1019,"Rules","规则",1,"object","apps/start/src/routes/_app.$organizationId.$projectId.notifications._tabs.tsx:27",""
1020,"Run this once in your terminal. If your setup can't pass headers, use {0} as the URL instead and drop the {1} flag.","在你的终端中运行一次。如果你的环境无法传递请求头，请改用 {0} 作为 URL，并去掉 {1} 参数。",1,"jsx","apps/start/src/routes/_app.$organizationId.$projectId.settings._tabs.mcp.tsx:72",""
1021,"S3 Bucket","S3 存储桶",1,"attr","apps/start/src/components/integrations/forms/s3-export-integration.tsx:139",""
1022,"sankeyExclude","",1,"zod","","字段名"
1023,"sankeyInclude","",1,"zod","","字段名"
1024,"sankeyMode","",1,"zod","","字段名"
1025,"sankeySteps","",1,"zod","","字段名"
1026,"Save changes","保存更改",1,"jsx","apps/start/src/modals/edit-cohort.tsx:124",""
1027,"Save credentials","保存凭据",1,"jsx","apps/start/src/components/clients/create-client-success.tsx:62",""
1028,"Save your recovery codes","保存你的恢复码",1,"attr","apps/start/src/modals/setup-two-factor.tsx:61",""
1029,"Screen views","屏幕浏览",1,"object","apps/start/src/components/report/sidebar/PropertiesCombobox.tsx:65",""
1030,"Screen:","屏幕：",1,"jsx","apps/start/src/components/events/table/columns.tsx:46",""
1031,"Scroll to bottom","滚动到底部",1,"attr","apps/start/src/components/chat/chat-drawer-body.tsx:97",""
1032,"Search columns...","搜索列…",1,"attr","apps/start/src/components/ui/data-table/data-table-view-options.tsx:189",""
1033,"Search engines","搜索引擎",1,"attr","apps/start/src/routes/_app.$organizationId.$projectId.seo.tsx:514",""
1034,"Search event...","搜索事件…",1,"attr","apps/start/src/components/ui/combobox-events.tsx:173",""
1035,"Search for an icon","搜索图标",1,"attr","apps/start/src/modals/edit-event.tsx:114",""
1036,"Search groups...","搜索分组…",1,"attr","apps/start/src/components/groups/table/index.tsx:107",""
1037,"Search insights...","搜索洞察…",1,"attr","apps/start/src/routes/_app.$organizationId.$projectId.insights.tsx:299",""
1038,"Search item...","搜索项…",1,"attr","apps/start/src/components/ui/combobox.tsx:109",""
1039,"Search keywords","搜索关键词",1,"attr","apps/start/src/components/page/gsc-cannibalization.tsx:125",""
1040,"Search performance for {0}","{0} 的搜索表现",1,"attr","apps/start/src/routes/_app.$organizationId.$projectId.seo.tsx:254",""
1041,"Search profiles","搜索用户画像",1,"attr","apps/start/src/components/profiles/table/index.tsx:120",""
1042,"Search projects","搜索项目",1,"attr","apps/start/src/routes/_app.$organizationId.index.tsx:82",""
1043,"Search reports...","搜索报表…",1,"attr","apps/start/src/routes/_app.$organizationId.$projectId.dashboards_.$dashboardId.tsx:297",""
1044,"Search sessions by path, referrer...","按路径、来源搜索会话…",1,"attr","apps/start/src/components/sessions/table/index.tsx:367",""
1045,"Search...","搜索…",1,"attr","apps/start/src/components/report-chart/common/report-table-toolbar.tsx:26",""
1046,"Secret","密钥",1,"attr","apps/start/src/components/clients/create-client-success.tsx:39",""
1047,"Secret Access Key","Secret Access Key",1,"attr","apps/start/src/components/integrations/forms/s3-export-integration.tsx:262",""
1048,"Secret Key","密钥",1,"attr","apps/start/src/modals/add-import.tsx:311",""
1049,"Security:","安全：",1,"jsx","apps/start/src/components/integrations/forms/webhook-integration.tsx:309",""
1050,"See all plans","查看所有套餐",1,"jsx","apps/start/src/components/organization/billing-prompt.tsx:335",""
1051,"See my yearly price","查看我的年付价格",1,"jsx","apps/start/src/components/organization/yearly-switch-prompt.tsx:84",""
1052,"See notifications and manage your rules when to get notifications","查看通知并管理你的通知规则",1,"attr","apps/start/src/routes/_app.$organizationId.$projectId.notifications._tabs.tsx:42",""
1053,"See plans","查看套餐",1,"jsx","apps/start/src/routes/_app.$organizationId.tsx:174",""
1054,"Select 2 events","选择 2 个事件",1,"attr","apps/start/src/components/report-chart/retention/index.tsx:108",""
1055,"Select a billing plan","选择一个计费套餐",1,"attr","apps/start/src/modals/select-billing-plan.tsx:28",""
1056,"Select a filter","选择一个筛选",1,"attr","apps/start/src/modals/add-notification-rule.tsx:309",""
1057,"Select a project","选择一个项目",1,"attr","apps/start/src/modals/add-client.tsx:128",""
1058,"Select a property","选择一个属性",1,"jsx","apps/start/src/routes/_app.$organizationId.$projectId.settings._tabs.gsc.tsx:169",""
1059,"Select a property...","选择一个属性…",1,"attr","apps/start/src/routes/_app.$organizationId.$projectId.settings._tabs.gsc.tsx:186",""
1060,"Select a value","选择一个值",1,"attr","apps/start/src/modals/overview-filters.tsx:233",""
1061,"Select authentication mode","选择认证模式",1,"attr","apps/start/src/components/integrations/forms/s3-export-integration.tsx:206",""
1062,"Select Breakdown","选择拆分",1,"attr","apps/start/src/modals/view-chart-users.tsx:284",""
1063,"Select client","选择客户端",1,"attr","apps/start/src/routes/_app.$organizationId.$projectId.settings._tabs.tracking.tsx:66",""
1064,"Select cohorts...","选择用户群组…",1,"attr","apps/start/src/components/report/sidebar/filters/CohortFilterItem.tsx:170",""
1065,"Select color {0}","选择颜色 {0}",1,"jsx","apps/start/src/modals/edit-event.tsx:103",""
1066,"Select criteria","选择条件",1,"attr","apps/start/src/components/report/sidebar/ReportSettings.tsx:109",""
1067,"Select Date & Time","选择日期和时间",1,"object","apps/start/src/components/ui/input-date-time.tsx:54",""
1068,"Select encryption","选择加密方式",1,"attr","apps/start/src/components/integrations/forms/s3-export-integration.tsx:287",""
1069,"Select event name...","选择事件名称…",1,"attr","apps/start/src/components/settings/edit-project-filters.tsx:108",""
1070,"Select event...","选择事件…",1,"attr","apps/start/src/components/cohort/cohort-criteria-builder.tsx:257",""
1071,"Select events to exclude","选择要排除的事件",1,"attr","apps/start/src/components/report/sidebar/ReportSettings.tsx:276",""
1072,"Select icon {0}","选择图标 {0}",1,"jsx","apps/start/src/modals/edit-event.tsx:152",""
1073,"Select interval {0}","选择间隔 {0}",1,"jsx","apps/start/src/components/report/ReportInterval.tsx:108",""
1074,"Select mode","选择模式",1,"attr","apps/start/src/components/report/sidebar/ReportSettings.tsx:221",""
1075,"Select project","选择项目",1,"attr","apps/start/src/components/project-mapper.tsx:89",""
1076,"Select region","选择区域",1,"attr","apps/start/src/components/integrations/forms/s3-export-integration.tsx:161",""
1077,"Select Serie","选择系列",1,"attr","apps/start/src/modals/view-chart-users.tsx:265",""
1078,"Select type","选择类型",1,"attr","apps/start/src/modals/add-notification-rule.tsx:141",""
1079,"Select workspace","选择工作区",1,"attr","apps/start/src/routes/_steps.onboarding.project.tsx:248",""
1080,"Select...","选择…",1,"attr","apps/start/src/components/report/sidebar/filters/FilterItem.tsx:297",""
1081,"Send message","发送消息",1,"attr","apps/start/src/components/chat/chat-drawer-footer.tsx:100",""
1082,"Send to AI","发送给 AI",1,"attr","apps/start/src/components/chat/sidebar-chat-composer.tsx:66",""
1083,"Send your token as an {0} header, with {1} in place of {2}. Clients that can't set headers take it as a {3} query param instead.","将你的 Token 作为 {0} 请求头发送，用 {1} 替换 {2}。无法设置请求头的客户端可改用 {3} 查询参数。",1,"jsx","apps/start/src/routes/_app.$organizationId.$projectId.settings._tabs.mcp.tsx:202",""
1084,"Serie","系列",1,"jsx","apps/start/src/components/report-chart/conversion/conversion-table.tsx:330",""
1085,"Service Account","服务账号",1,"attr","apps/start/src/modals/add-import.tsx:169",""
1086,"Service Account Key (JSON)","服务账号密钥（JSON）",1,"jsx","apps/start/src/components/integrations/forms/gcs-export-integration.tsx:139",""
1087,"Service Secret","服务密钥",1,"attr","apps/start/src/modals/add-import.tsx:176",""
1088,"Session","会话",1,"object","apps/start/src/components/report/sidebar/ReportSettings.tsx:185",""
1089,"Session contains an event named X","会话包含名为 X 的事件",1,"object","apps/start/src/components/report/sidebar/PropertiesCombobox.tsx:86",""
1090,"Session detail","会话详情",1,"object","apps/start/src/components/chat/chat-context-widget.tsx:119",""
1091,"Session Duration (Avg)","会话时长（平均）",1,"object","apps/start/src/components/profiles/profile-metrics.tsx:45",""
1092,"Session Duration (P90)","会话时长（P90）",1,"object","apps/start/src/components/profiles/profile-metrics.tsx:52",""
1093,"Session filters","会话筛选",1,"attr","apps/start/src/components/sessions/table/index.tsx:373",""
1094,"Session info","会话信息",1,"jsx","apps/start/src/routes/_app.$organizationId.$projectId.sessions_.$sessionId.tsx:244",""
1095,"Session length in milliseconds","会话时长（毫秒）",1,"object","apps/start/src/components/report/sidebar/PropertiesCombobox.tsx:76",""
1096,"Session metrics {0}","会话指标 {0}",1,"jsx","apps/start/src/components/report/sidebar/PropertiesCombobox.tsx:279",""
1097,"Session: {0}","会话：{0}",1,"attr","apps/start/src/routes/_app.$organizationId.$projectId.sessions_.$sessionId.tsx:196",""
1098,"Sessions will show up here once tracking starts.","追踪开始后，会话将显示在此处。",1,"jsx","apps/start/src/components/projects/project-chart.tsx:139",""
1099,"Set {0} and/or {1} on the API service to enable AI chat, then restart it. The model picker shows only providers with a configured key.","在 API 服务上设置 {0} 和/或 {1} 以启用 AI 对话，然后重启它。模型选择器仅显示已配置密钥的提供方。",1,"jsx","apps/start/src/components/chat/chat-drawer-empty.tsx:53",""
1100,"Set up tracking","设置追踪",1,"jsx","apps/start/src/components/onboarding/activation-banner.tsx:141",""
1101,"Set up two-factor authentication","设置两步验证",1,"attr","apps/start/src/modals/setup-two-factor.tsx:75",""
1102,"Settings → Developer → Edit Config","设置 → 开发者 → 编辑配置",1,"jsx","apps/start/src/routes/_app.$organizationId.$projectId.settings._tabs.mcp.tsx:47",""
1103,"Setup funnel {0}","设置漏斗 {0}",1,"jsx","apps/start/src/components/onboarding/activation-banner.tsx:170",""
1104,"Severe","严重",1,"jsx","apps/start/src/routes/_app.$organizationId.$projectId.insights.tsx:331",""
1105,"Severity","严重级别",1,"attr","apps/start/src/routes/_app.$organizationId.$projectId.insights.tsx:327",""
1106,"Severity (High → Low)","严重级别（从高到低）",1,"jsx","apps/start/src/routes/_app.$organizationId.$projectId.insights.tsx:364",""
1107,"Severity (Low → High)","严重级别（从低到高）",1,"jsx","apps/start/src/routes/_app.$organizationId.$projectId.insights.tsx:365",""
1108,"Share Your Feedback","分享你的反馈",1,"attr","apps/start/src/components/organization/feedback-prompt.tsx:71",""
1109,"Show all","显示全部",1,"jsx","apps/start/src/modals/event-details.tsx:348",""
1110,"Show Countries","显示国家/地区",1,"jsx","apps/start/src/routes/_app.$organizationId.$projectId.settings._tabs.widgets.tsx:213",""
1111,"Show Paths","显示路径",1,"jsx","apps/start/src/routes/_app.$organizationId.$projectId.settings._tabs.widgets.tsx:226",""
1112,"Show Referrers","显示来源",1,"jsx","apps/start/src/routes/_app.$organizationId.$projectId.settings._tabs.widgets.tsx:200",""
1113,"Showing {0} of {1} insights","显示 {1} 条洞察中的 {0} 条",1,"jsx","apps/start/src/routes/_app.$organizationId.$projectId.insights.tsx:444",""
1114,"Showing 15 of {0} {1}","显示 {0} 条中的 15 条{1}",1,"jsx","apps/start/src/components/chat/tool-results/chat-table-result.tsx:88",""
1115,"Shows the most common paths users take through your application","显示用户在你的应用中最常走的路径",1,"jsx","apps/start/src/components/overview/overview-user-journey.tsx:405",""
1116,"Sign in with a different account","使用其他账户登录",1,"jsx","apps/start/src/routes/_login.verify.tsx:121",""
1117,"Signed in","已登录",1,"toast","apps/start/src/routes/_login.verify.tsx:33",""
1118,"Since","自",1,"object","apps/start/src/components/cohort/cohort-criteria-builder.tsx:371",""
1119,"Since the user already has an account we have added him/her to your organization. This means you will not see this user in the list of invites.","由于该用户已拥有账户，我们已将其加入你的组织。这意味着你不会在邀请列表中看到该用户。",1,"jsx","apps/start/src/modals/create-invite.tsx:76",""
1120,"Single-pageview session","单次页面浏览会话",1,"object","apps/start/src/components/report/sidebar/PropertiesCombobox.tsx:61",""
1121,"Site connected","站点已连接",1,"toast","apps/start/src/routes/_app.$organizationId.$projectId.settings._tabs.gsc.tsx:65",""
1122,"Skip for now","暂时跳过",1,"jsx","apps/start/src/routes/_steps.onboarding.$projectId.verify.tsx:105",""
1123,"Skip onboarding {0}","跳过上手引导 {0}",1,"jsx","apps/start/src/components/onboarding/skip-onboarding.tsx:50",""
1124,"Skip onboarding?","跳过上手引导？",1,"object","apps/start/src/components/onboarding/skip-onboarding.tsx:57",""
1125,"Skip setup","跳过设置",1,"jsx","apps/start/src/components/onboarding/activation-banner.tsx:147",""
1126,"Something went wrong","出错了",1,"attr","apps/start/src/routes/__root.tsx:89",""
1127,"Something went wrong running this query. Try again, or adjust the report.","运行此查询时出错了。请重试，或调整报表。",1,"jsx","apps/start/src/modals/view-chart-users.tsx:175",""
1128,"Sort by","排序方式",1,"attr","apps/start/src/routes/_app.$organizationId.$projectId.insights.tsx:358",""
1129,"Special badge and recognition in our community","在我们社区中获得专属徽章和认可",1,"object","apps/start/src/components/organization/supporter-prompt.tsx:34",""
1130,"Spike from {0}","来自 {0} 的激增",1,"attr","apps/start/src/components/charts/op-tooltip.tsx:322",""
1131,"SSE-KMS","SSE-KMS",1,"jsx","apps/start/src/components/integrations/forms/s3-export-integration.tsx:291",""
1132,"SSE-S3 (AES-256)","SSE-S3 (AES-256)",1,"jsx","apps/start/src/components/integrations/forms/s3-export-integration.tsx:290",""
1133,"Stack series","堆叠系列",1,"jsx","apps/start/src/components/report/sidebar/ReportSettings.tsx:301",""
1134,"Start here","从这里开始",1,"jsx","apps/start/src/components/report-chart/common/empty.tsx:31",""
1135,"Start sending events and you'll see them here","开始发送事件，你就会在此看到它们",1,"attr","apps/start/src/components/events/table/index.tsx:198",""
1136,"Start tracking in minutes","几分钟内开始追踪",1,"jsx","apps/start/src/routes/_public.onboarding.tsx:67",""
1137,"Starting at $20/month • Cancel anytime • {0}","每月 $20 起 • 随时取消 • {0}",1,"jsx","apps/start/src/components/organization/supporter-prompt.tsx:105",""
1138,"Stats","统计",1,"object","apps/start/src/routes/_app.$organizationId.$projectId.events._tabs.tsx:30",""
1139,"Status","状态",1,"jsx","apps/start/src/routes/_app.$organizationId.$projectId.settings._tabs.imports.tsx:164",""
1140,"Stay calm, its coming 🙄","别急，快来了 🙄",1,"jsx","apps/start/src/components/report-chart/common/loading.tsx:77",""
1141,"Step name","步骤名称",1,"jsx","apps/start/src/components/report/sidebar/ReportFunnelSteps.tsx:197",""
1142,"Steps","步骤",1,"jsx","apps/start/src/components/report/sidebar/ReportSettings.tsx:247",""
1143,"Still have issues? Join our {0} give us an email at {1} and we'll help you out.","仍有问题？加入我们的 {0}，或发邮件到 {1}，我们会帮你解决。",1,"jsx","apps/start/src/components/onboarding/verify-faq.tsx:166",""
1144,"Stop generating","停止生成",1,"attr","apps/start/src/components/chat/chat-drawer-footer.tsx:89",""
1145,"Subscription","订阅",1,"attr","apps/start/src/components/organization/billing-usage.tsx:209",""
1146,"Subscription canceled","订阅已取消",1,"toast","apps/start/src/components/organization/cancel-subscription-flow.tsx:133",""
1147,"Subscription ended","订阅已结束",1,"object","apps/start/src/components/organization/billing-prompt.tsx:52",""
1148,"Subscription paused","订阅已暂停",1,"toast","apps/start/src/components/organization/cancel-subscription-flow.tsx:100",""
1149,"Subscription resumed","订阅已恢复",1,"toast","apps/start/src/components/organization/billing.tsx:61",""
1150,"Subscription updated successfully","订阅更新成功",1,"jsx","apps/start/src/modals/billing-success.tsx:36",""
1151,"Successfully signed in","登录成功",1,"toast","apps/start/src/components/auth/sign-in-email-form.tsx:28",""
1152,"Successfully signed up","注册成功",1,"toast","apps/start/src/components/auth/sign-up-email-form.tsx:23",""
1153,"Support OpenPanel","支持 OpenPanel",1,"attr","apps/start/src/components/organization/supporter-prompt.tsx:85",""
1154,"Support Us","支持我们",1,"jsx","apps/start/src/components/sidebar.tsx:168",""
1155,"Switch to yearly — get 2 months free","切换到年付——免费送 2 个月",1,"jsx","apps/start/src/components/organization/yearly-switch-prompt.tsx:76",""
1156,"Switch to yearly and get {0}","切换到年付并获得 {0}",1,"jsx","apps/start/src/components/organization/billing-plan-picker.tsx:286",""
1157,"System","系统",1,"object","apps/start/src/components/theme-provider.tsx:53",""
1158,"Take a break instead?","不如先暂停一下？",1,"attr","apps/start/src/components/organization/cancel-subscription-flow.tsx:239",""
1159,"Template","模板",1,"attr","apps/start/src/modals/add-notification-rule.tsx:222",""
1160,"Terms of Service","服务条款",1,"jsx","apps/start/src/routes/_public.onboarding.tsx:72",""
1161,"Test connection","测试连接",1,"jsx","apps/start/src/components/integrations/forms/discord-integration.tsx:94",""
1162,"Test notification sent","测试通知已发送",1,"toast","apps/start/src/components/integrations/forms/discord-integration.tsx:71",""
1163,"Thank you for your purchase! You have now full access to OpenPanel. If you have any questions or feedback, please don't hesitate to contact us.","感谢你的购买！你现在已拥有 OpenPanel 的完整访问权限。如有任何问题或反馈，请随时联系我们。",1,"jsx","apps/start/src/modals/billing-success.tsx:39",""
1164,"The best web and product analytics tool out there (our honest opinion).","市面上最好的 Web 和产品分析工具（我们的真心话）。",1,"attr","apps/start/src/routes/index.tsx:63",""
1165,"The dashboard you are looking for does not exist.","你要找的仪表盘不存在。",1,"attr","apps/start/src/routes/share.dashboard.$shareId.tsx:74",""
1166,"The import has been queued for processing again.","该导入已重新加入处理队列。",1,"object","apps/start/src/routes/_app.$organizationId.$projectId.settings._tabs.imports.tsx:71",""
1167,"The import has been successfully deleted.","该导入已成功删除。",1,"object","apps/start/src/routes/_app.$organizationId.$projectId.settings._tabs.imports.tsx:60",""
1168,"The invitation has expired. Please contact the organization owner to get a new invitation.","该邀请已过期。请联系组织所有者以获取新的邀请。",1,"jsx","apps/start/src/routes/_public.onboarding.tsx:122",""
1169,"The overview you are looking for does not exist.","你要找的概览不存在。",1,"attr","apps/start/src/routes/share.overview.$shareId.tsx:63",""
1170,"The page you're looking for doesn't exist or has moved.","你要找的页面不存在或已被移动。",1,"attr","apps/start/src/router.tsx:29",""
1171,"The project you are looking for does not exist. Please reload the page.","你要找的项目不存在。请重新加载页面。",1,"attr","apps/start/src/routes/_steps.onboarding.$projectId.connect.tsx:49",""
1172,"The report you are looking for does not exist.","你要找的报表不存在。",1,"attr","apps/start/src/routes/share.report.$shareId.tsx:70",""
1173,"The whole organization is scheduled for deletion. To keep this project, cancel the deletion from the organization settings.","整个组织都已计划删除。若要保留此项目，请在组织设置中取消删除。",1,"jsx","apps/start/src/components/settings/delete-project.tsx:83",""
1174,"Theme {0}","主题 {0}",1,"jsx","apps/start/src/components/profile-toggle.tsx:55",""
1175,"There was an error loading this chart.","加载此图表时出错。",1,"jsx","apps/start/src/components/report-chart/common/error.tsx:18",""
1176,"These organizations you created have an active subscription. Cancel each one before deleting your account: {0}","你创建的这些组织均拥有有效订阅。删除账户前请先逐个取消：{0}",1,"jsx","apps/start/src/components/settings/delete-account.tsx:32",""
1177,"These pages all rank for {0} . Consider consolidating weaker pages into the top-ranking one to concentrate link equity and avoid splitting clicks.","这些页面都在 {0} 上有排名。建议将较弱的页面合并到排名最高的页面，以集中链接权重、避免分散点击。",1,"jsx","apps/start/src/components/page/gsc-cannibalization.tsx:181",""
1178,"This cohort hasn't been computed yet. Membership will appear within a minute.","此用户群组尚未计算。成员将在一分钟内出现。",1,"jsx","apps/start/src/routes/_app.$organizationId.$projectId.cohorts_.$cohortId._tabs.index.tsx:72",""
1179,"This organization has an active subscription. Cancel it from the billing settings before you delete the organization.","此组织有有效订阅。删除组织前请先在账单设置中取消。",1,"jsx","apps/start/src/components/settings/delete-organization.tsx:74",""
1180,"This organization will be deleted on {0} . All of its projects and their events will be deleted.","此组织将于 {0} 删除。其所有项目及事件都将被删除。",1,"jsx","apps/start/src/components/settings/delete-organization.tsx:59",""
1181,"This project will be deleted on {0} . Any event associated with this project will be deleted. {1}","此项目将于 {0} 删除。与此项目关联的所有事件都将被删除。{1}",1,"jsx","apps/start/src/components/settings/delete-project.tsx:69",""
1182,"This session has {0} screen views and {1} events. Visit duration is {2}.","此会话有 {0} 次屏幕浏览和 {1} 个事件。访问时长为 {2}。",1,"jsx","apps/start/src/modals/event-details.tsx:264",""
1183,"This step needs at least one event before you can preview or save.","此步骤至少需要一个事件，才能预览或保存。",1,"jsx","apps/start/src/components/report/sidebar/ReportFunnelSteps.tsx:251",""
1184,"This widget is not available or has been removed.","此小组件不可用或已被移除。",1,"jsx","apps/start/src/routes/widget/realtime.tsx:59",""
1185,"This will let you track users across multiple domains","这将让你能够跨多个域名追踪用户",1,"jsx","apps/start/src/components/settings/edit-project-details.tsx:168",""
1186,"This workspace doesn't exist or you don't have access to it.","此工作区不存在，或你没有访问权限。",1,"attr","apps/start/src/routes/_app.$organizationId.tsx:78",""
1187,"Thought","思考",1,"jsx","apps/start/src/components/chat/chat-message.tsx:198",""
1188,"Time window","时间窗口",1,"jsx","apps/start/src/components/time-window-picker.tsx:125",""
1189,"Time Window","时间窗口",1,"attr","apps/start/src/routes/_app.$organizationId.$projectId.insights.tsx:311",""
1190,"Timeframe","时间范围",1,"jsx","apps/start/src/components/cohort/cohort-criteria-builder.tsx:334",""
1191,"Timeline","时间线",1,"jsx","apps/start/src/components/sessions/replay/replay-event-feed.tsx:64",""
1192,"To (OpenPanel Project)","到（OpenPanel 项目）",1,"jsx","apps/start/src/components/project-mapper.tsx:79",""
1193,"Toggle columns","切换列显示",1,"attr","apps/start/src/components/ui/data-table/data-table-view-options.tsx:176",""
1194,"Toggle mock revenue (dev only)","切换模拟收入（仅开发环境）",1,"attr","apps/start/src/components/overview/overview-metrics.tsx:157",""
1195,"Top {0}s","热门 {0}",1,"jsx","apps/start/src/modals/gsc-details.tsx:205",""
1196,"Top Brands","热门品牌",1,"object","apps/start/src/components/overview/overview-top-devices.tsx:242",""
1197,"Top browser","热门浏览器",1,"object","apps/start/src/components/overview/overview-top-devices.tsx:80",""
1198,"Top Browser Version","热门浏览器版本",1,"object","apps/start/src/components/overview/overview-top-devices.tsx:117",""
1199,"Top cities","热门城市",1,"object","apps/start/src/components/overview/overview-top-geo.tsx:58",""
1200,"Top countries","热门国家/地区",1,"object","apps/start/src/components/overview/overview-top-geo.tsx:50",""
1201,"Top devices","热门设备",1,"object","apps/start/src/components/overview/overview-top-devices.tsx:43",""
1202,"Top events","热门事件",1,"jsx","apps/start/src/components/realtime/map/map-badge-detail-card.tsx:154",""
1203,"Top Models","热门型号",1,"object","apps/start/src/components/overview/overview-top-devices.tsx:279",""
1204,"Top OS","热门操作系统",1,"object","apps/start/src/components/overview/overview-top-devices.tsx:161",""
1205,"Top OS version","热门操作系统版本",1,"object","apps/start/src/components/overview/overview-top-devices.tsx:198",""
1206,"Top Pages","热门页面",1,"attr","apps/start/src/components/overview/overview-top-pages-modal.tsx:34",""
1207,"Top paths","热门路径",1,"jsx","apps/start/src/components/realtime/map/map-badge-detail-card.tsx:175",""
1208,"Top queries","热门查询",1,"attr","apps/start/src/routes/_app.$organizationId.$projectId.seo.tsx:385",""
1209,"Top referrers","热门引荐来源",1,"jsx","apps/start/src/components/realtime/map/map-badge-detail-card.tsx:125",""
1210,"Top regions","热门地区",1,"object","apps/start/src/components/overview/overview-top-geo.tsx:54",""
1211,"Top sources","热门流量来源",1,"object","apps/start/src/components/overview/overview-top-sources.tsx:39",""
1212,"Top types","热门类型",1,"object","apps/start/src/components/overview/overview-top-sources.tsx:47",""
1213,"Top urls","热门 URL",1,"object","apps/start/src/components/overview/overview-top-sources.tsx:43",""
1214,"Total {0}","总计 {0}",1,"jsx","apps/start/src/components/report-chart/conversion/conversion-table.tsx:359",""
1215,"Total events","事件总数",1,"jsx","apps/start/src/components/chat/tool-results/chat-profile-result.tsx:78",""
1216,"Total events in the session","会话中的事件总数",1,"object","apps/start/src/components/report/sidebar/PropertiesCombobox.tsx:71",""
1217,"Total members","成员总数",1,"jsx","apps/start/src/components/groups/group-member-growth.tsx:45",""
1218,"Total profiles","用户画像总数",1,"jsx","apps/start/src/components/report-chart/retention/table.tsx:61",""
1219,"Total Users:","用户总数：",1,"jsx","apps/start/src/components/report-chart/retention/tooltip.tsx:42",""
1220,"Track events and conversion for your app","为你的应用追踪事件和转化",1,"attr","apps/start/src/modals/add-project.tsx:228",""
1221,"Track events and conversion for your backend / API","为你的后端 / API 追踪事件和转化",1,"attr","apps/start/src/modals/add-project.tsx:242",""
1222,"Track events and conversion for your website","为你的网站追踪事件和转化",1,"attr","apps/start/src/modals/add-project.tsx:157",""
1223,"Tracking script","追踪脚本",1,"object","apps/start/src/routes/_app.$organizationId.$projectId.settings._tabs.tsx:45",""
1224,"Trial ended","试用已结束",1,"object","apps/start/src/components/organization/billing-prompt.tsx:42",""
1225,"Try it for free today!","立即免费试用！",1,"jsx","apps/start/src/components/public-page-card.tsx:42",""
1226,"Try new features before public release","在正式发布前试用新功能",1,"object","apps/start/src/components/organization/supporter-prompt.tsx:39",""
1227,"Try: ""last 7 days, mobile only""","试试：“最近 7 天，仅移动端”",1,"attr","apps/start/src/components/overview/overview-ai-command.tsx:128",""
1228,"Two-factor auth","两步验证",1,"object","apps/start/src/routes/_app.$organizationId.account._tabs.tsx:19",""
1229,"Two-factor authentication disabled","已停用两步验证",1,"toast","apps/start/src/modals/disable-two-factor.tsx:19",""
1230,"Two-factor authentication is disabled.","两步验证已停用。",1,"jsx","apps/start/src/routes/_app.$organizationId.account._tabs.two-factor.tsx:67",""
1231,"Two-factor authentication is enabled.","两步验证已启用。",1,"jsx","apps/start/src/routes/_app.$organizationId.account._tabs.two-factor.tsx:91",""
1232,"Two-factor authentication is not available.","两步验证不可用。",1,"jsx","apps/start/src/routes/_app.$organizationId.account._tabs.two-factor.tsx:52",""
1233,"Type of client","客户端类型",1,"jsx","apps/start/src/modals/add-client.tsx:107",""
1234,"ui-theme=","",1,"zod","","代码形态串"
1235,"Unhappy with customer service","对客户服务不满意",1,"object","apps/start/src/components/organization/cancel-subscription-flow.tsx:34",""
1236,"Unique Members","独立成员",1,"attr","apps/start/src/routes/_app.$organizationId.$projectId.groups_.$groupId._tabs.index.tsx:86",""
1237,"Unique visitors last 30 min","最近 30 分钟独立访客",1,"jsx","apps/start/src/components/realtime/realtime-live-histogram.tsx:108",""
1238,"Unselect All","取消全选",1,"jsx","apps/start/src/components/report-chart/common/report-table-toolbar.tsx:45",""
1239,"Unsubscribe","取消订阅",1,"attr","apps/start/src/routes/unsubscribe.tsx:65",""
1240,"Unsubscribe from {0} emails? You'll stop receiving {1} emails sent to {2}","取消订阅 {0} 邮件？你将停止接收发送到 {2} 的 {1} 邮件",1,"jsx","apps/start/src/routes/unsubscribe.tsx:67",""
1241,"Unsubscribed","已取消订阅",1,"attr","apps/start/src/routes/unsubscribe.tsx:56",""
1242,"Update event","更新事件",1,"jsx","apps/start/src/modals/edit-event.tsx:196",""
1243,"Updated {0}","更新于 {0}",1,"jsx","apps/start/src/routes/_app.$organizationId.$projectId.cohorts.tsx:145",""
1244,"Upgrade now","立即升级",1,"jsx","apps/start/src/routes/_app.$organizationId.tsx:191",""
1245,"URL","URL",1,"attr","apps/start/src/components/integrations/forms/webhook-integration.tsx:161",""
1246,"url(","",1,"zod","","代码形态串"
1247,"Usage","用量",1,"jsx","apps/start/src/components/organization/billing-usage.tsx:70",""
1248,"Use existing workspace","使用现有工作区",1,"jsx","apps/start/src/routes/_steps.onboarding.project.tsx:165",""
1249,"Use this token to authenticate with the MCP server (base64 encoded client ID and secret).","使用此 Token 向 MCP 服务器认证（base64 编码的客户端 ID 和密钥）。",1,"jsx","apps/start/src/components/clients/create-client-success.tsx:48",""
1250,"User Journey","用户旅程",1,"jsx","apps/start/src/components/overview/overview-user-journey.tsx:225",""
1251,"UTM Campaign","UTM 广告系列",1,"object","apps/start/src/components/overview/overview-top-sources.tsx:59",""
1252,"UTM Content","UTM 内容",1,"object","apps/start/src/components/overview/overview-top-sources.tsx:67",""
1253,"UTM Medium","UTM 媒介",1,"object","apps/start/src/components/overview/overview-top-sources.tsx:55",""
1254,"UTM Source","UTM 来源",1,"object","apps/start/src/components/overview/overview-top-sources.tsx:51",""
1255,"UTM Term","UTM 关键词",1,"object","apps/start/src/components/overview/overview-top-sources.tsx:63",""
1256,"Value type","值类型",1,"attr","apps/start/src/components/report/sidebar/filters/FilterTypeSelect.tsx:34",""
1257,"var(--chart-label)","",1,"object","apps/start/src/components/charts/chart-context.tsx:32","CSS 变量"
1258,"Verification code","验证码",1,"jsx","apps/start/src/modals/setup-two-factor.tsx:99",""
1259,"Verify","验证",1,"jsx","apps/start/src/routes/_login.verify.tsx:100",""
1260,"Verify that your implementation works.","验证你的接入是否正常工作。",1,"jsx","apps/start/src/components/onboarding/onboarding-verify-listener.tsx:63",""
1261,"View and manage your reports","查看并管理你的报表",1,"attr","apps/start/src/routes/_app.$organizationId.$projectId.dashboards_.$dashboardId.tsx:288",""
1262,"View project","查看项目",1,"object","apps/start/src/modals/add-project.tsx:59",""
1263,"View report","查看报表",1,"object","apps/start/src/modals/save-report.tsx:73",""
1264,"View setup docs {0}","查看设置文档 {0}",1,"jsx","apps/start/src/components/chat/chat-drawer-empty.tsx:64",""
1265,"View users who completed this step","查看完成此步骤的用户",1,"attr","apps/start/src/components/report-chart/funnel/chart.tsx:298",""
1266,"Visit:","访问：",1,"jsx","apps/start/src/components/events/table/item.tsx:84",""
1267,"Visited pages","已访问页面",1,"jsx","apps/start/src/routes/_app.$organizationId.$projectId.sessions_.$sessionId.tsx:84",""
1268,"Visitors","访客",1,"jsx","apps/start/src/routes/widget/realtime.tsx:324",""
1269,"Waiting for your first event","等待你的首个事件",1,"object","apps/start/src/components/onboarding/activation-banner.tsx:35",""
1270,"We are currently performing maintenance on the system. Please check back later.","我们正在对系统进行维护。请稍后再来。",1,"attr","apps/start/src/routes/_app.tsx:26",""
1271,"We could not find any data here yet","这里暂时还没有任何数据",1,"object","apps/start/src/components/ui/data-table/data-table.tsx:42",""
1272,"We have also notified the user by email about this.","我们也已通过邮件通知了该用户。",1,"jsx","apps/start/src/modals/create-invite.tsx:81",""
1273,"We have built our platform with privacy at its heart","我们从设计之初就将隐私放在核心位置",1,"attr","apps/start/src/components/login-left-panel.tsx:47",""
1274,"We have sent an email with instructions to join the organization.","我们已发送一封含加入组织说明的邮件。",1,"jsx","apps/start/src/modals/create-invite.tsx:84",""
1275,"We need two events to determine the retention rate.","我们需要两个事件来确定留存率。",1,"jsx","apps/start/src/components/report-chart/retention/index.tsx:108",""
1276,"We retired the free plan","我们已停用免费套餐",1,"object","apps/start/src/components/organization/billing-prompt.tsx:84",""
1277,"Webhook URL is required","需要填写 Webhook URL",1,"toast","apps/start/src/components/integrations/forms/discord-integration.tsx:64",""
1278,"Week","周",1,"object","apps/start/src/components/report/ReportInterval.tsx:75",""
1279,"Welcome back!","欢迎回来！",1,"toast","apps/start/src/components/organization/billing-prompt.tsx:142",""
1280,"Welcome to OpenPanel.dev","欢迎使用 OpenPanel.dev",1,"attr","apps/start/src/routes/index.tsx:64",""
1281,"What are you tracking?","你在追踪什么？",1,"jsx","apps/start/src/routes/_steps.onboarding.project.tsx:279",""
1282,"What role?","什么角色？",1,"jsx","apps/start/src/modals/create-invite.tsx:122",""
1283,"Who do you want to invite?","你想邀请谁？",1,"attr","apps/start/src/modals/create-invite.tsx:118",""
1284,"Why did this happen?","为什么会这样？",1,"jsx","apps/start/src/components/insights/insight-card.tsx:214",""
1285,"Widget not found","未找到小组件",1,"jsx","apps/start/src/routes/widget/realtime.tsx:58",""
1286,"Widget Options","小组件选项",1,"jsx","apps/start/src/routes/_app.$organizationId.$projectId.settings._tabs.widgets.tsx:197",""
1287,"Widget options updated","小组件选项已更新",1,"toast","apps/start/src/routes/_app.$organizationId.$projectId.settings._tabs.widgets.tsx:63",""
1288,"Widgets","小组件",1,"object","apps/start/src/routes/_app.$organizationId.$projectId.settings._tabs.tsx:47",""
1289,"With this enabled, you can track revenue from client code.","启用后，你可以从客户端代码追踪收入。",1,"jsx","apps/start/src/components/settings/edit-project-details.tsx:191",""
1290,"Workspace","工作区",1,"attr","apps/start/src/routes/_steps.onboarding.project.tsx:234",""
1291,"Workspace name","工作区名称",1,"attr","apps/start/src/routes/_steps.onboarding.project.tsx:188",""
1292,"Workspace not found","未找到工作区",1,"attr","apps/start/src/routes/_app.$organizationId.tsx:77",""
1293,"Workspace settings","工作区设置",1,"attr","apps/start/src/routes/_app.$organizationId.settings.tsx:83",""
1294,"Write (for ingestion)","写入（用于数据摄取）",1,"object","apps/start/src/modals/add-client.tsx:117",""
1295,"Write a JavaScript function that transforms the event payload. The function receives {0} as a parameter and should return an object.","编写一个转换事件 Payload 的 JavaScript 函数。该函数接收 {0} 作为参数，并应返回一个对象。",1,"jsx","apps/start/src/components/integrations/forms/webhook-integration.tsx:248",""
1296,"Wrong client secret","客户端密钥错误",1,"jsx","apps/start/src/components/onboarding/verify-faq.tsx:148",""
1297,"X days","X 天",1,"attr","apps/start/src/components/time-window-picker.tsx:253",""
1298,"Yearly billing — {0} {1}","年付 — {0} {1}",1,"jsx","apps/start/src/components/organization/billing-plan-picker.tsx:278",""
1299,"Yes / No","是 / 否",1,"attr","apps/start/src/components/report/sidebar/filters/FilterItem.tsx:272",""
1300,"Yes, this event is important!","是的，这个事件很重要！",1,"jsx","apps/start/src/modals/edit-event.tsx:86",""
1301,"Yesterday","昨天",1,"jsx","apps/start/src/routes/_app.$organizationId.$projectId.insights.tsx:315",""
1302,"You can inspect the code and self-host if you choose","你可以查看代码，也可选择自行托管",1,"attr","apps/start/src/components/login-left-panel.tsx:57",""
1303,"You can visualize your data with a report","你可以用报表将数据可视化",1,"jsx","apps/start/src/routes/_app.$organizationId.$projectId.dashboards_.$dashboardId.tsx:366",""
1304,"You cannot downgrade if your usage exceeds the limit of the new plan.","如果你的用量超过新套餐的上限，则无法降级。",1,"jsx","apps/start/src/components/organization/billing-plan-picker.tsx:269",""
1305,"You have not created any cohorts for this project yet","你还没有为此项目创建任何用户群组",1,"jsx","apps/start/src/routes/_app.$organizationId.$projectId.cohorts.tsx:92",""
1306,"You have not created any dashboards for this project yet","你还没有为此项目创建任何仪表盘",1,"jsx","apps/start/src/routes/_app.$organizationId.$projectId.dashboards.tsx:96",""
1307,"You hit your monthly events limit on {0}. We're still collecting your events — nothing is lost — but charts won't show new data until you upgrade or your next cycle starts.","你在 {0} 达到了每月事件上限。我们仍在收集你的事件——不会丢失任何数据——但在你升级或进入下一周期之前，图表不会显示新数据。",1,"attr","apps/start/src/routes/_app.$organizationId.tsx:189",""
1308,"You received a new '$EVENT_NAME' event","你收到了一个新的 '$EVENT_NAME' 事件",1,"attr","apps/start/src/modals/add-notification-rule.tsx:226",""
1309,"You should receive an email shortly!","你应该很快会收到一封邮件！",1,"toast","apps/start/src/modals/request-reset-password.tsx:37",""
1310,"You will be redirected to Google to authorize access. Only read-only access to Search Console data is requested.","你将被重定向到 Google 进行授权。仅请求对 Search Console 数据的只读访问权限。",1,"jsx","apps/start/src/routes/_app.$organizationId.$projectId.settings._tabs.gsc.tsx:144",""
1311,"You will only need the secret if you want to send server events.","只有当你想发送服务端事件时，才需要用到密钥。",1,"jsx","apps/start/src/components/clients/create-client-success.tsx:40",""
1312,"You've been unsubscribed from {0} emails. You won't receive any more {1} emails from us.","你已取消订阅 {0} 邮件。你将不会再收到我们发送的任何 {1} 邮件。",1,"attr","apps/start/src/routes/unsubscribe.tsx:57",""
1313,"You've been with us for a while. Pay for 10 months and get 12: same plan, same limits, one invoice a year.","你已与我们同行一段时间了。支付 10 个月，得 12 个月：同样的套餐、同样的上限，一年一张发票。",1,"jsx","apps/start/src/components/organization/yearly-switch-prompt.tsx:79",""
1314,"You've used {0}% of your {1} monthly events. If you go over, we keep collecting your events but charts pause until you upgrade.","你已使用了每月 {1} 个事件中的 {0}%。如果超出，我们会继续收集你的事件，但图表会暂停，直到你升级。",1,"attr","apps/start/src/routes/_app.$organizationId.tsx:172",""
1315,"Your 30 days are up","你的 30 天试用期已结束",1,"object","apps/start/src/components/organization/billing-prompt.tsx:44",""
1316,"Your account","你的账户",1,"attr","apps/start/src/routes/_app.$organizationId.account._tabs.tsx:38",""
1317,"Your account has been deleted","你的账户已被删除",1,"toast","apps/start/src/modals/confirm-delete-account.tsx:21",""
1318,"Your account signs in with Google or GitHub, which handle two-factor authentication in their account settings. Enable it in your provider's security settings.","你的账户通过 Google 或 GitHub 登录，它们在各自的账户设置中处理两步验证。请在你的提供方的安全设置中启用它。",1,"jsx","apps/start/src/routes/_app.$organizationId.account._tabs.two-factor.tsx:54",""
1319,"Your Amplitude API key","你的 Amplitude API 密钥",1,"attr","apps/start/src/modals/add-import.tsx:304",""
1320,"Your Amplitude secret key","你的 Amplitude 密钥",1,"attr","apps/start/src/modals/add-import.tsx:313",""
1321,"Your avg CTR","你的平均点击率",1,"jsx","apps/start/src/components/page/gsc-ctr-benchmark.tsx:74",""
1322,"Your client secret (and the MCP token derived from it) is only shown once, right after the client is created. If you need it again, create a new client under Settings → Clients.","你的客户端密钥（以及由它派生的 MCP Token）仅在客户端创建后立即显示一次。如需再次获取，请在“设置 → 客户端”下创建一个新客户端。",1,"jsx","apps/start/src/routes/_steps.onboarding.$projectId.connect.tsx:117",""
1323,"Your current usage is {0} out of {1} events. {2}","你当前已使用 {0} / {1} 个事件。{2}",1,"jsx","apps/start/src/components/organization/billing-plan-picker.tsx:264",""
1324,"Your dashboard","你的仪表盘",1,"jsx","apps/start/src/routes/_steps.onboarding.$projectId.verify.tsx:117",""
1325,"Your data import has been queued for processing.","你的数据导入已加入处理队列。",1,"object","apps/start/src/modals/add-import.tsx:398",""
1326,"Your data is right where you left it","你的数据都还在，保持原样",1,"object","apps/start/src/components/organization/billing-prompt.tsx:54",""
1327,"Your email address","你的邮箱地址",1,"attr","apps/start/src/modals/request-reset-password.tsx:56",""
1328,"Your email preferences have been saved.","你的邮件偏好已保存。",1,"object","apps/start/src/routes/_app.$organizationId.account._tabs.email-preferences.tsx:63",""
1329,"Your events count","你的事件数",1,"jsx","apps/start/src/components/organization/billing-usage.tsx:305",""
1330,"Your feedback helps us build features you actually need. Share your thoughts, report bugs, or suggest improvements","你的反馈帮助我们打造你真正需要的功能。分享你的想法、报告缺陷或提出改进建议",1,"jsx","apps/start/src/components/organization/feedback-prompt.tsx:74",""
1331,"Your first project name","你的第一个项目名称",1,"attr","apps/start/src/routes/_steps.onboarding.project.tsx:272",""
1332,"Your Google Search Console authorization has expired or been revoked. Please reconnect to continue syncing data.","你的 Google Search Console 授权已过期或被撤销。请重新连接以继续同步数据。",1,"jsx","apps/start/src/routes/_app.$organizationId.$projectId.settings._tabs.gsc.tsx:236",""
1333,"Your ideas get prioritized in our roadmap","你的想法会在我们的路线图中被优先考虑",1,"object","apps/start/src/components/organization/supporter-prompt.tsx:29",""
1334,"Your import history will appear here.","你的导入历史将显示在此处。",1,"attr","apps/start/src/routes/_app.$organizationId.$projectId.settings._tabs.imports.tsx:175",""
1335,"Your last payment didn't go through","你上一次付款未成功",1,"object","apps/start/src/components/organization/billing-prompt.tsx:64",""
1336,"Your Mixpanel project ID","你的 Mixpanel 项目 ID",1,"attr","apps/start/src/modals/add-import.tsx:185",""
1337,"Your Mixpanel service secret","你的 Mixpanel 服务密钥",1,"attr","apps/start/src/modals/add-import.tsx:178",""
1338,"Your profile has been updated.","你的个人资料已更新。",1,"object","apps/start/src/routes/_app.$organizationId.account._tabs.index.tsx:44",""
1339,"Your subscription is on a break","你的订阅已暂停",1,"object","apps/start/src/components/organization/billing-prompt.tsx:74",""
1340,"Your support directly funds development","你的支持直接资助了开发",1,"object","apps/start/src/components/organization/supporter-prompt.tsx:44",""
1341,"Your tier limit","你的套餐上限",1,"jsx","apps/start/src/components/organization/billing-usage.tsx:315",""
1342,"Your trial ends on {0}. When it ends, your dashboards pause until you choose a plan — your data keeps flowing in.","你的试用将于 {0} 结束。结束后，你的仪表盘会暂停，直到你选择套餐——你的数据会持续流入。",1,"jsx","apps/start/src/components/organization/billing.tsx:326",""
1343,"Your usage is above our standard plans, so let's set you up with a custom one.","你的用量超过了我们的标准套餐，让我们为你配置一个定制套餐。",1,"jsx","apps/start/src/components/organization/billing-prompt.tsx:324",""
1344,"Your website address","你的网站地址",1,"attr","apps/start/src/modals/add-project.tsx:168",""
1345,"A weekly summary of your analytics with AI-surfaced insights","每周分析摘要，附 AI 洞察",1,"object","packages/constants/index.ts:607",""
1346,"Account status","账户状态",1,"object","packages/constants/index.ts:618",""
1347,"Billing stops at the end of your current period and resumes on {0}. Your events keep flowing in.","计费将在本计费周期结束时停止，并于 {0} 恢复。其间事件将持续正常采集。",1,"object","apps/start/src/components/organization/cancel-subscription-flow.tsx:101",""
1348,"Custom range","自定义范围",1,"object","packages/constants/index.ts:81",""
1349,"Delete {0}?","删除 {0}？",2,"object","apps/start/src/components/integrations/active-integrations.tsx:89",""
1350,"Get started tips and guidance emails","入门提示与指导邮件",1,"object","packages/constants/index.ts:603",""
1351,"Important notices about your projects: tracking stopped sending data, event limits, and alerts from your notification rules","关于项目的重要通知：追踪数据中断、事件额度，以及来自通知规则的提醒",1,"object","packages/constants/index.ts:611",""
1352,"Last 12 months","最近 12 个月",1,"object","packages/constants/index.ts:56",""
1353,"Last 24 hours","最近 24 小时",1,"object","packages/constants/index.ts:21",""
1354,"Last 3 months","最近 3 个月",1,"object","packages/constants/index.ts:46",""
1355,"Last 30 days","最近 30 天",1,"object","packages/constants/index.ts:41",""
1356,"Last 30 min","最近 30 分钟",1,"object","packages/constants/index.ts:11",""
1357,"Last 6 months","最近 6 个月",1,"object","packages/constants/index.ts:51",""
1358,"Last 7 days","最近 7 天",1,"object","packages/constants/index.ts:36",""
1359,"Last Month","上个月",1,"object","packages/constants/index.ts:66",""
1360,"Last hour","最近 1 小时",1,"object","packages/constants/index.ts:16",""
1361,"Last year","去年",1,"object","packages/constants/index.ts:76",""
1362,"Month to Date","本月至今",1,"object","packages/constants/index.ts:61",""
1363,"Notices about your trial ending, event ingestion being paused, and data scheduled for removal","关于试用到期、事件采集暂停、数据即将删除的通知",1,"object","packages/constants/index.ts:619",""
1364,"Onboarding","新手引导",1,"object","apps/start/src/routes/_steps.tsx:59",""
1365,"Pick '{0}'","选择 '{0}'",1,"object","apps/start/src/components/ui/combobox-advanced.tsx:91",""
1366,"Product alerts","产品提醒",1,"object","packages/constants/index.ts:610",""
1367,"Today","今天",1,"object","packages/constants/index.ts:26",""
1368,"Weekly digest","每周摘要",1,"object","packages/constants/index.ts:606",""
1369,"Year to Date","本年至今",1,"object","packages/constants/index.ts:71",""
1370,"Your dashboard is now {0}","你的仪表盘可见性已更新",1,"object","apps/start/src/modals/share-dashboard-modal.tsx:71",""
1371,"Your overview is now {0}","你的概览可见性已更新",1,"object","apps/start/src/modals/share-overview-modal.tsx:65",""
1372,"Your report is now {0}","你的报表可见性已更新",1,"object","apps/start/src/modals/share-report-modal.tsx:67",""
1373,"{0} - OpenPanel.dev","",2,"object","apps/start/src/routes/share.dashboard.$shareId.tsx:56","纯品牌标题模板"
1374,"{0} - {1} - OpenPanel.dev","",3,"object","apps/start/src/routes/share.dashboard.$shareId.tsx:65","纯品牌标题模板"
1375,"Update payment","更新支付方式",2,"object","packages/payments/src/subscription-state-meta.ts:181",""
1376,"Canceled","已取消",1,"object","packages/payments/src/subscription-state-meta.ts:113",""
1377,"Canceling","取消中",1,"object","packages/payments/src/subscription-state-meta.ts:93",""
1378,"Complete checkout","完成结账",1,"object","packages/payments/src/subscription-state-meta.ts:215",""
1379,"Expired","已过期",1,"object","packages/payments/src/subscription-state-meta.ts:227",""
1380,"Finish setting up your subscription","完成订阅设置",1,"object","packages/payments/src/subscription-state-meta.ts:212",""
1381,"Free trial","免费试用",1,"object","apps/start/src/components/organization/billing.tsx:319",""
1382,"Import your analytics data from Mixpanel API","从 Mixpanel API 导入你的分析数据",1,"object","packages/importer/src/providers/metadata.ts:25",""
1383,"Import your analytics data from the Amplitude Export API","从 Amplitude 导出 API 导入你的分析数据",1,"object","packages/importer/src/providers/metadata.ts:33",""
1384,"Import your analytics data from Umami","从 Umami 导入你的分析数据",1,"object","packages/importer/src/providers/metadata.ts:17",""
1385,"Incomplete","未完成",1,"object","packages/payments/src/subscription-state-meta.ts:210",""
1386,"Keep subscription","保留订阅",1,"object","apps/start/src/components/organization/billing.tsx:273",""
1387,"Past due","逾期",1,"object","packages/payments/src/subscription-state-meta.ts:176",""
1388,"Pausing","暂停中",1,"object","packages/payments/src/subscription-state-meta.ts:133",""
1389,"Payment past due","付款逾期",1,"object","packages/payments/src/subscription-state-meta.ts:178",""
1390,"Reactivate","重新激活",1,"object","packages/payments/src/subscription-state-meta.ts:99",""
1391,"Resume subscription","恢复订阅",1,"object","apps/start/src/components/organization/billing.tsx:273",""
1392,"Subscription expired","订阅已过期",1,"object","packages/payments/src/subscription-state-meta.ts:229",""
1393,"Subscription unpaid","订阅未付款",1,"object","packages/payments/src/subscription-state-meta.ts:195",""
1394,"Subscription will be canceled","订阅即将取消",1,"object","packages/payments/src/subscription-state-meta.ts:95",""
1395,"Subscription will be paused","订阅即将暂停",1,"object","packages/payments/src/subscription-state-meta.ts:135",""
1396,"Trial","试用",1,"object","packages/payments/src/subscription-state-meta.ts:62",""
1397,"Unpaid","未付款",1,"object","packages/payments/src/subscription-state-meta.ts:193",""
1398,"Upgrade","升级",1,"object","packages/payments/src/subscription-state-meta.ts:84",""
1399,"Upgrade from $2.5/month","升级（$2.5/月起）",1,"object","packages/payments/src/subscription-state-meta.ts:68",""
1400,"Your free trial has ended. Upgrade to keep using OpenPanel.","你的免费试用已结束。升级即可继续使用 OpenPanel。",1,"object","packages/payments/src/subscription-state-meta.ts:82",""
1401,"Your last payment failed. Update your payment method to avoid losing access.","你上次付款失败。请更新支付方式，以免失去访问权限。",1,"object","packages/payments/src/subscription-state-meta.ts:179",""
1402,"Your subscription is unpaid. Update your payment method to restore access.","你的订阅未付款。请更新支付方式以恢复访问权限。",1,"object","packages/payments/src/subscription-state-meta.ts:196",""
1403,"Your subscription setup is incomplete. Complete checkout to activate it.","你的订阅设置尚未完成，请完成结账以激活。",1,"object","packages/payments/src/subscription-state-meta.ts:213",""
1404,"(Not set)","（未设置）",6,"jsx","apps/start/src/components/realtime/map/map-badge-detail-card.tsx:136",""
1405,"{0}-{1} of {2}","第 {0}-{1} 条，共 {2} 条",3,"jsx","apps/start/src/components/page/gsc-cannibalization.tsx:103",""
1406,"0 results","0 条结果",3,"jsx","apps/start/src/components/page/gsc-cannibalization.tsx:103",""
1407,"Make it public","设为公开",3,"jsx","apps/start/src/modals/share-dashboard-modal.tsx:187",""
1408,"Start Import","开始导入",3,"jsx","apps/start/src/modals/add-import.tsx:112",""
1409,"Starting...","启动中…",3,"jsx","apps/start/src/modals/add-import.tsx:112",""
1410,"Any","任意",2,"jsx","apps/start/src/components/cohort/cohort-criteria-builder.tsx:158",""
1411,"Failed to test connection","测试连接失败",2,"toast","apps/start/src/components/integrations/forms/gcs-export-integration.tsx:69",""
1412,"No results found","未找到结果",2,"jsx","apps/start/src/components/overview/overview-line-chart.tsx:114",""
1413,"Saving...","保存中…",2,"jsx","apps/start/src/components/integrations/forms/gcs-export-integration.tsx:183",""
1414,"Testing...","测试中…",2,"jsx","apps/start/src/components/integrations/forms/gcs-export-integration.tsx:180",""
1415,"(read-only)","（只读）",1,"jsx","apps/start/src/components/settings/invites/columns.tsx:134",""
1416,"(truncated)","（已截断）",1,"jsx","apps/start/src/components/chat/tool-results/chat-table-result.tsx:90",""
1417,"• {0} profiles","• {0} 个用户画像",1,"jsx","apps/start/src/components/realtime/map/map-badge-detail-card.tsx:79",""
1418,"Any event","任意事件",1,"jsx","apps/start/src/components/notifications/rule-card.tsx:36",""
1419,"Any events","任意事件",1,"jsx","apps/start/src/components/ui/combobox-events.tsx:209",""
1420,"Any one of these events completes this step","其中任一事件即可完成此步骤",1,"jsx","apps/start/src/components/report/sidebar/ReportFunnelSteps.tsx:227",""
1421,"Change subscription","更改订阅",1,"jsx","apps/start/src/components/organization/billing.tsx:288",""
1422,"Click to refresh","点击刷新",1,"jsx","apps/start/src/components/events/event-listener.tsx:63",""
1423,"Confirm Unsubscribe","确认退订",1,"jsx","apps/start/src/routes/unsubscribe.tsx:81",""
1424,"Couldn't translate that into a filter — try rephrasing.","无法将其转换为筛选条件——请换个说法重试。",1,"toast","apps/start/src/components/overview/overview-ai-command.tsx:67",""
1425,"Create a report","创建报表",1,"jsx","apps/start/src/components/onboarding/activation-banner.tsx:141",""
1426,"Creating...","创建中…",1,"jsx","apps/start/src/components/dashboards/select-dashboard.tsx:132",""
1427,"Daily Events","每日事件",1,"jsx","apps/start/src/components/organization/billing-usage.tsx:225",""
1428,"Date range","日期范围",1,"jsx","apps/start/src/components/events/table/index.tsx:366",""
1429,"Decline","拒绝",1,"jsx","apps/start/src/components/report-chart/funnel/chart.tsx:695",""
1430,"Enter one of your recovery codes. Each code can be used only once.","输入你的一个恢复码。每个码只能使用一次。",1,"jsx","apps/start/src/routes/_login.verify.tsx:59",""
1431,"Enter the 6-digit code from your authenticator app.","输入身份验证器应用中的 6 位验证码。",1,"jsx","apps/start/src/routes/_login.verify.tsx:59",""
1432,"Event for this step","此步骤的事件",1,"jsx","apps/start/src/components/report/sidebar/ReportFunnelSteps.tsx:227",""
1433,"Failed to update options","更新选项失败",1,"toast","apps/start/src/routes/_app.$organizationId.$projectId.settings._tabs.widgets.tsx:66",""
1434,"Failed to update widget","更新小组件失败",1,"toast","apps/start/src/routes/_app.$organizationId.$projectId.settings._tabs.widgets.tsx:51",""
1435,"Formula","公式",1,"jsx","apps/start/src/modals/view-chart-users.tsx:270",""
1436,"Grouped","分组",1,"jsx","apps/start/src/components/report-chart/common/report-table-toolbar.tsx:41",""
1437,"Hide domain","隐藏域名",1,"jsx","apps/start/src/components/overview/overview-top-pages.tsx:134",""
1438,"Improvement","提升",1,"jsx","apps/start/src/components/report-chart/funnel/chart.tsx:695",""
1439,"in cohort","在用户群组中",1,"jsx","apps/start/src/components/overview/filters/overview-filters-buttons.tsx:101",""
1440,"Integrate our web SDK to your site to get pages here.","将我们的 Web SDK 集成到你的站点，即可在此看到页面。",1,"object","apps/start/src/components/pages/table/index.tsx:125",""
1441,"Interval","间隔",1,"jsx","apps/start/src/components/report/ReportInterval.tsx:104",""
1442,"Invalid {0}. Please check your syntax.","无效的 {0}。请检查语法。",1,"jsx","apps/start/src/components/json-editor.tsx:213",""
1443,"Invite","邀请",1,"jsx","apps/start/src/components/onboarding/activation-banner.tsx:141",""
1444,"Listening","监听中",1,"jsx","apps/start/src/components/events/event-listener.tsx:55",""
1445,"Listening to new events","正在监听新事件",1,"jsx","apps/start/src/components/events/event-listener.tsx:63",""
1446,"Mock revenue","模拟收入",1,"jsx","apps/start/src/components/overview/overview-metrics.tsx:161",""
1447,"Mock revenue on","模拟收入已开启",1,"jsx","apps/start/src/components/overview/overview-metrics.tsx:161",""
1448,"Monthly","每月",1,"jsx","apps/start/src/components/organization/billing-plan-picker.tsx:301",""
1449,"No active plan","无有效套餐",1,"jsx","apps/start/src/components/organization/billing.tsx:319",""
1450,"No change","无变化",1,"jsx","apps/start/src/components/report-chart/funnel/chart.tsx:695",""
1451,"No match","无匹配",1,"jsx","apps/start/src/components/ui/combobox.tsx:93",""
1452,"No pages found matching ""{0}""","未找到匹配 ""{0}"" 的页面",1,"object","apps/start/src/components/pages/table/index.tsx:125",""
1453,"No thanks","不用了",1,"jsx","apps/start/src/components/organization/cancel-subscription-flow.tsx:276",""
1454,"No thanks, cancel","不用了，取消",1,"jsx","apps/start/src/components/organization/cancel-subscription-flow.tsx:276",""
1455,"not in cohort","不在用户群组中",1,"jsx","apps/start/src/components/overview/filters/overview-filters-buttons.tsx:101",""
1456,"Notification rule created","已创建通知规则",1,"toast","apps/start/src/modals/add-notification-rule.tsx:69",""
1457,"Notification rule updated","已更新通知规则",1,"toast","apps/start/src/modals/add-notification-rule.tsx:69",""
1458,"Private","私有",1,"jsx","apps/start/src/components/overview/overview-share.tsx:50",""
1459,"Property: {0}","属性：{0}",1,"jsx","apps/start/src/components/report/sidebar/ReportSeriesItem.tsx:145",""
1460,"Public","公开",1,"jsx","apps/start/src/components/overview/overview-share.tsx:50",""
1461,"Reactivate subscription","重新激活订阅",1,"jsx","apps/start/src/components/organization/billing.tsx:288",""
1462,"Read: You can access the current projects data from the export API","Read：可通过导出 API 访问当前项目的数据",1,"jsx","apps/start/src/modals/add-client.tsx:133",""
1463,"Recommended for AWS S3. Create an IAM role that grants OpenPanel access.","推荐用于 AWS S3。创建一个授予 OpenPanel 访问权限的 IAM 角色。",1,"jsx","apps/start/src/components/integrations/forms/s3-export-integration.tsx:216",""
1464,"Removed event not used by any step: {0}","已移除未被任何步骤使用的事件：{0}",1,"jsx","apps/start/src/components/report/sidebar/ReportFunnelSteps.tsx:101",""
1465,"Removed events not used by any step: {0}","已移除未被任何步骤使用的事件：{0}",1,"jsx","apps/start/src/components/report/sidebar/ReportFunnelSteps.tsx:101",""
1466,"Root: You can access any projects data from the export API","Root：可通过导出 API 访问任意项目的数据",1,"jsx","apps/start/src/modals/add-client.tsx:135",""
1467,"Select {0} - {1}","选择 {0} - {1}",1,"jsx","apps/start/src/modals/date-ranger-picker.tsx:88",""
1468,"Select property","选择属性",1,"jsx","apps/start/src/components/report/sidebar/ReportSeriesItem.tsx:145",""
1469,"Self-hosted analytics","自托管分析",1,"jsx","apps/start/src/components/login-navbar.tsx:22",""
1470,"Show domain","显示域名",1,"jsx","apps/start/src/components/overview/overview-top-pages.tsx:134",""
1471,"Something went wrong. Try again.","出了点问题，请重试。",1,"jsx","apps/start/src/components/chat/chat-drawer-body.tsx:76",""
1472,"Successfully connected","连接成功",1,"jsx","apps/start/src/components/onboarding/onboarding-verify-listener.tsx:42",""
1473,"this day","当天",1,"jsx","apps/start/src/components/organization/billing-usage.tsx:280",""
1474,"this week","本周",1,"jsx","apps/start/src/components/organization/billing-usage.tsx:280",""
1475,"Tool failed","工具执行失败",1,"jsx","apps/start/src/components/chat/tool-results/shared.tsx:33",""
1476,"Unknown date","未知日期",1,"jsx","apps/start/src/components/organization/billing-usage.tsx:270",""
1477,"Unnamed Report","未命名报表",1,"jsx","apps/start/src/components/report/edit-report-name.tsx:68",""
1478,"Unsubscribing...","退订中…",1,"jsx","apps/start/src/routes/unsubscribe.tsx:81",""
1479,"Untitled chat","未命名对话",1,"jsx","apps/start/src/components/chat/chat-drawer-header.tsx:90",""
1480,"Use a recovery code instead","改用恢复码",1,"jsx","apps/start/src/routes/_login.verify.tsx:117",""
1481,"Use access keys for Cloudflare R2, MinIO, DigitalOcean Spaces, or other S3-compatible storage.","用于 Cloudflare R2、MinIO、DigitalOcean Spaces 或其他 S3 兼容存储的访问密钥。",1,"jsx","apps/start/src/components/integrations/forms/s3-export-integration.tsx:216",""
1482,"Use authenticator app instead","改用身份验证器应用",1,"jsx","apps/start/src/routes/_login.verify.tsx:117",""
1483,"User not identified","用户未识别",1,"jsx","apps/start/src/routes/_app.$organizationId.$projectId.profiles.$profileId._tabs.tsx:76",""
1484,"View JSON","查看 JSON",1,"jsx","apps/start/src/modals/event-details.tsx:284",""
1485,"View raw output","查看原始输出",1,"jsx","apps/start/src/components/chat/tool-results/default-tool-result.tsx:66",""
1486,"View Table","查看表格",1,"jsx","apps/start/src/modals/event-details.tsx:284",""
1487,"Waiting for events","等待事件",1,"jsx","apps/start/src/components/onboarding/onboarding-verify-listener.tsx:42",""
1488,"Weekly Events","每周事件",1,"jsx","apps/start/src/components/organization/billing-usage.tsx:225",""
1489,"Widget disabled","小组件已禁用",1,"toast","apps/start/src/routes/_app.$organizationId.$projectId.settings._tabs.widgets.tsx:48",""
1490,"Widget enabled","小组件已启用",1,"toast","apps/start/src/routes/_app.$organizationId.$projectId.settings._tabs.widgets.tsx:48",""
1491,"Write: Is the default client type and is used for ingestion of data","Write：默认客户端类型，用于数据写入采集",1,"jsx","apps/start/src/modals/add-client.tsx:131",""
1492,"Yearly","每年",1,"jsx","apps/start/src/components/organization/billing-plan-picker.tsx:301",""
1493,"You have canceled your subscription. It will be canceled on {0} — reactivate it to keep your access.","你已取消订阅，将于 {0} 生效——重新激活即可保留访问权限。",1,"object","packages/payments/src/subscription-state-meta.ts:96",""
1494,"You have canceled your subscription. Reactivate it to keep your access.","你已取消订阅。重新激活即可保留访问权限。",1,"object","packages/payments/src/subscription-state-meta.ts:96",""
1495,"Your organization is on a free trial.","你的组织正在免费试用。",1,"object","packages/payments/src/subscription-state-meta.ts:65",""
1496,"Your organization is on a free trial. It ends on {0}.","你的组织正在免费试用，将于 {0} 结束。",1,"object","packages/payments/src/subscription-state-meta.ts:65",""
1497,"Your subscription expired on {0}. Choose a plan to regain access.","你的订阅已于 {0} 过期。请选择套餐以恢复访问。",1,"object","packages/payments/src/subscription-state-meta.ts:230",""
1498,"Your subscription expired. Choose a plan to regain access.","你的订阅已过期。请选择套餐以恢复访问。",1,"object","packages/payments/src/subscription-state-meta.ts:230",""
1499,"Your subscription is paused and resumes on {0}. Your events are still being collected.","你的订阅已暂停，将于 {0} 恢复。期间仍在收集你的事件。",1,"object","packages/payments/src/subscription-state-meta.ts:159",""
1500,"Your subscription is paused. Your events are still being collected — resume any time to pick up where you left off.","你的订阅已暂停。期间仍在收集你的事件——可随时恢复，从上次的位置继续。",1,"object","packages/payments/src/subscription-state-meta.ts:159",""
1501,"Your subscription is scheduled to pause at the end of the current period. We keep collecting your events while it's paused.","你的订阅将在当前周期结束时暂停。暂停期间我们仍会收集你的事件。",1,"object","packages/payments/src/subscription-state-meta.ts:136",""
1502,"Your subscription pauses on {0}. We keep collecting your events while it's paused{1}.","你的订阅将于 {0} 暂停。暂停期间我们仍会收集你的事件{1}。",1,"object","packages/payments/src/subscription-state-meta.ts:136",""
1503,"Your subscription stays active until {0}.","你的订阅在 {0} 前保持有效。",1,"object","apps/start/src/components/organization/cancel-subscription-flow.tsx:134",""
1504,"Your subscription was canceled on {0}. Choose a plan to regain access.","你的订阅已于 {0} 取消。请选择套餐以恢复访问。",1,"object","packages/payments/src/subscription-state-meta.ts:116",""
1505,"Your subscription was canceled. Choose a plan to regain access.","你的订阅已取消。请选择套餐以恢复访问。",1,"object","packages/payments/src/subscription-state-meta.ts:116",""
1506,"Are you sure you want to delete ""{0}""? This action cannot be undone.","确定要删除 ""{0}"" 吗？此操作无法撤销。",2,"object","apps/start/src/routes/_app.$organizationId.$projectId.cohorts_.$cohortId._tabs.tsx:166",""
1507,"Are you sure you want to delete this dashboard? All your reports will be deleted!","确定要删除此仪表盘吗？你的所有报表都将被删除！",2,"object","apps/start/src/routes/_app.$organizationId.$projectId.dashboards.tsx:210",""
1508,"This action cannot be undone.","此操作无法撤销。",2,"object","apps/start/src/components/integrations/active-integrations.tsx:90",""
1509,"Are you sure you want to delete this cohort? This action cannot be undone.","确定要删除此用户群组吗？此操作无法撤销。",1,"object","apps/start/src/routes/_app.$organizationId.$projectId.cohorts.tsx:205",""
1510,"Are you sure you want to delete this project?","确定要删除此项目吗？",1,"object","apps/start/src/components/settings/delete-project.tsx:113",""
1511,"Are you sure you want to delete this reference? This action cannot be undone.","确定要删除此参考标记吗？此操作无法撤销。",1,"object","apps/start/src/routes/_app.$organizationId.$projectId.references.tsx:136",""
1512,"Are you sure you want to reset the layout to default? This will clear all custom positioning and sizing.","确定要将布局重置为默认吗？这将清除所有自定义的位置与尺寸。",1,"object","apps/start/src/routes/_app.$organizationId.$projectId.dashboards_.$dashboardId.tsx:334",""
1513,"Are you sure you want to revoke this client? This action cannot be undone.","确定要撤销此客户端吗？此操作无法撤销。",1,"object","apps/start/src/components/clients/table/columns.tsx:70",""
1514,"Are you sure you want to skip onboarding? Since you do not have any projects, you will be logged out.","确定要跳过引导吗？由于你还没有任何项目，你将被登出。",1,"object","apps/start/src/components/onboarding/skip-onboarding.tsx:58",""
1515,"Direct Impact","直接影响",1,"object","apps/start/src/components/organization/supporter-prompt.tsx:43",""
1516,"Early Access","抢先体验",1,"object","apps/start/src/components/organization/supporter-prompt.tsx:38",""
1517,"Exclusive Discord Role","专属 Discord 身份组",1,"object","apps/start/src/components/organization/supporter-prompt.tsx:33",""
1518,"Feature Requests","功能建议",1,"object","apps/start/src/components/organization/supporter-prompt.tsx:28",""
1519,"Latest Docker Images","最新 Docker 镜像",1,"object","apps/start/src/components/organization/supporter-prompt.tsx:18",""
1520,"Prioritized Support","优先支持",1,"object","apps/start/src/components/organization/supporter-prompt.tsx:23",""
1521,"Your free trial has ended.","你的免费试用已结束。",1,"object","packages/payments/src/subscription-state-meta.ts:87",""
1522,"Your last payment failed — please update your payment method.","你上次付款失败——请更新支付方式。",1,"object","packages/payments/src/subscription-state-meta.ts:185",""
1523,"Your subscription expired","你的订阅已过期",1,"object","packages/payments/src/subscription-state-meta.ts:237",""
1524,"Your subscription expired on {0}","你的订阅已于 {0} 过期",1,"object","packages/payments/src/subscription-state-meta.ts:237",""
1525,"Your subscription is paused","你的订阅已暂停",1,"object","packages/payments/src/subscription-state-meta.ts:166",""
1526,"Your subscription is paused until {0}","你的订阅已暂停，直到 {0}",1,"object","packages/payments/src/subscription-state-meta.ts:166",""
1527,"Your subscription is unpaid.","你的订阅未付款。",1,"object","packages/payments/src/subscription-state-meta.ts:202",""
1528,"Your subscription renews on {0}","你的订阅将于 {0} 续订",1,"object","packages/payments/src/subscription-state-meta.ts:55",""
1529,"Your subscription setup is incomplete.","你的订阅设置尚未完成。",1,"object","packages/payments/src/subscription-state-meta.ts:219",""
1530,"Your subscription was canceled","你的订阅已取消",1,"object","packages/payments/src/subscription-state-meta.ts:123",""
1531,"Your subscription was canceled on {0}","你的订阅已于 {0} 取消",1,"object","packages/payments/src/subscription-state-meta.ts:123",""
1532,"Your subscription will be canceled on {0}","你的订阅将于 {0} 取消",1,"object","packages/payments/src/subscription-state-meta.ts:104",""
1533,"Your subscription will be paused at the end of the current period","你的订阅将在当前周期结束时暂停",1,"object","packages/payments/src/subscription-state-meta.ts:148",""
1534,"Your subscription will be paused on {0}","你的订阅将于 {0} 暂停",1,"object","packages/payments/src/subscription-state-meta.ts:144",""
1535,"Your trial ends on {0}","你的试用将于 {0} 结束",1,"object","packages/payments/src/subscription-state-meta.ts:72",""
